research_team_id,rt_hypothesis,estimate,standard_error,t_value,stage,first_principle_component_team_quality,reproducibility_score,average_rating_by_peers_after_removing_peer_fixed_effect
AFES,1,-17.274,13.396,-1.2894894,1,1.569461214,0,2.007142857
AJRC,1,28.05,62.618,0.44795427,1,-0.63746597,1,-0.835714286
AMHC,1,3.859,5.1,0.75666666,1,-2.134056136,0.75,0.05
ANXH,1,-0.122,0.134,-0.91044778,1,2.018929983,1,-1.078571429
AOTG,1,-0.01,0.018,-0.55555558,1,-0.266172527,0,2.078571429
ASHN,1,-1.997,3.973,-0.50264281,1,1.419638291,0,-0.907142857
AXUO,1,-0.079,0.052,-1.5192307,1,2.018929983,1,1.321428571
BBDS,1,-6.737,7.899,-0.85289276,1,-2.134056136,0.75,-3.964285714
BCCY,1,1.15,4.041,0.28458303,1,0.471448408,1,-1.961111111
BCLX,1,0.038,0.009067,4.1910224,1,0.183296242,1,-0.028571429
BERH,1,-1.301,1.254,-1.0374801,1,0.610369759,0,2.207142857
BJMG,1,0.695,2.505,0.27744511,1,0.960314906,0.75,-1.626984127
BMGE,1,-0.456,2.224,-0.20503597,1,-1.375086905,1,-3.185714286
BMVK,1,5.967,3.695,1.614885,1,-2.433701982,1,-3.621428571
BUKS,1,-3.881,4.376,-0.88688302,1,-1.684587367,1,-3.357142857
BYCV,1,-54.455,40.07,-1.3589967,1,-0.875318835,1,-3.475396825
CBIP,1,-0.321,0.131,-2.4503818,1,0.16090099,1,-1.957142857
CBYS,1,-11.945,4.53,-2.6368654,1,-0.476149367,0.75,-0.413492063
CCPO,1,-4.699,0.613,-7.6655793,1,-0.298422395,1,-0.589285714
CGHP,1,-4.224,1.543,-2.7375243,1,2.018929983,1,2.567857143
CIIE,1,0.522,0.368,1.4184783,1,-0.565818373,0,-1.8
CKPF,1,-2.709,4.99,-0.54288578,1,0.958675842,1,1.407142857
CMMG,1,7.319,3.239,2.2596481,1,-0.63746597,0,-1.207142857
CNYO,1,0.825,0.016,51.5625,1,-0.62597229,0,-0.121428571
COQM,1,-1.852,0.943,-1.9639449,1,-1.075441059,1,-3.25
CUSM,1,-1.15,1.156,-0.99480969,1,-1.235118598,0,1.8
CVZM,1,20.216,12.512,1.6157289,1,-1.684587367,1,-2.192857143
CXHI,1,74491.116,74425.548,1.000881,1,1.419638291,0.75,-3.717857143
DBVU,1,-2.391,0.416,-5.7475963,1,1.408144611,1,2.214285714
DCJM,1,-7.162,312.759,-0.022899421,1,1.269815368,1,0.171428571
DEXO,1,0.147,0.551,0.26678765,1,-1.225263982,1,0.528571429
DQAG,1,2.19,0.569,3.8488576,1,-2.433701982,1,-0.514285714
DVAE,1,-10.821,19.572,-0.55288166,1,1.569461214,0.25,-2.514285714
EJWM,1,-0.316,0.648,-0.48765433,1,0.670523676,1,3.078571429
EONY,1,-4.216,3.547,-1.1886101,1,0.610369759,1,-0.807142857
EVGS,1,-0.036,0.286,-0.12587413,1,0.199706611,1,0.296428571
EZBJ,1,5.139,8.162,0.62962508,1,0.632765011,0,-1.171428571
EZRL,1,-1.988,0.619,-3.2116318,1,-2.295372739,1,-0.521428571
FFHG,1,-2.396,3.66,-0.65464479,1,2.018929983,1,-0.692857143
FFKM,1,0.696,2.353,0.29579261,1,0.033473319,0.75,1.507142857
FHEW,1,1.016,0.024,42.333332,1,2.018929983,0,-1.378571429
FNTW,1,9.41,8.55,1.1005847,1,2.018929983,1,-2.735714286
FRXI,1,-32.011,29.184,-1.0968682,1,-0.326326444,1,0.48015873
FTRF,1,4.361,0.314,13.888535,1,1.108498765,0,2.028571429
GIPP,1,-5.052,4.255,-1.187309,1,-0.62597229,0.75,0.317460317
GRFN,1,-0.531,0.449,-1.182628,1,1.707790457,1,3.457142857
GTPQ,1,1.975,0.857,2.3045506,1,1.569461214,0,0.05
GXEN,1,-6.846,11.394,-0.60084254,1,-0.775795213,1,-0.921428571
GZFF,1,-6.195,11.271,-0.54964066,1,1.569461214,1,0.85
HEGK,1,0.066,0.084,0.78571427,1,-0.62597229,1,-0.535714286
HEVE,1,2.814,5.09,0.5528487,1,-1.84590397,0,-2.028571429
HKIO,1,-0.516,2.118,-0.24362606,1,0.183296242,0,1.142857143
HMEP,1,-68.397,70.13,-0.97528875,1,-1.375086905,0.75,-0.25
HVXK,1,-22.534,26.413,-0.85314047,1,1.569461214,1,0.014285714
IIVX,1,1.195,0.567,2.1075838,1,-0.288567779,0.75,-0.485714286
IMLY,1,-0.408,0.824,-0.49514562,1,1.269815368,0,0.796428571
IWSS,1,2.076,3.923,0.52918684,1,-0.925618136,0,-5.242857143
JAAQ,1,-82.04,239.4,-0.34269005,1,-0.925618136,0.75,-5.328571429
JARZ,1,-11.281,10.745,-1.0498837,1,-0.775795213,0,-1.249206349
JFYE,1,-46.996,26.805,-1.753255,1,0.299230233,0.25,0.171428571
JGAO,1,-30.505,16.185,-1.8847698,1,1.719284137,1,1.117857143
JGKG,1,-0.841,0.485,-1.7340206,1,-0.937111816,1,1.971428571
JPCI,1,-0.191,0.075,-2.5466666,1,-0.937111816,1,2.878571429
JVQU,1,-2.101,0.558,-3.765233,1,0.820346599,1,-2.334126984
JYUR,1,-0.933,6.41,-0.14555383,1,-1.84590397,0,2.164285714
KHSV,1,-5.05,0.565,-8.9380531,1,-1.984233213,1,-1.035714286
KJCY,1,0.709,0.023,30.826086,1,-0.425850066,1,0.557142857
KJMR,1,-6.799,0.849,-8.0082455,1,1.719284137,1,-1.128571429
KJNQ,1,-70.527,65.782,-1.0721322,1,-1.236757662,1,0.321428571
KSUJ,1,0.43,44.757,0.009607436,1,-0.775795213,1,-0.435714286
KWUT,1,-141.682,121.962,-1.1616898,1,-0.277666207,0.75,-0.257142857
KZPU,1,-0.234,0.569,-0.41124779,1,0.310723913,0,0.335714286
LBOM,1,-17.419,10.143,-1.717342,1,0.033473319,0,0.6
LHIK,1,-1.891,5.03,-0.37594435,1,-0.775795213,0.75,-2.471428571
LKWD,1,3.188,6.463,0.49326938,1,1.569461214,1,0.192857143
LQUT,1,-20.483,77.644,-0.26380661,1,0.970169522,0.25,-2.162698413
LTMC,1,-4.937,4.706,-1.0490863,1,-1.075441059,1,0.75
LXOK,1,0.459,0.227,2.0220265,1,-0.725495912,1,-0.942857143
LYOD,1,0.52,0.273,1.9047619,1,2.018929983,1,0.257142857
LZHZ,1,-0.464,0.229,-2.0262008,1,-1.674732751,1,-1.807142857
LZWO,1,-2.297,1.93,-1.1901554,1,1.108498765,1,-2.755555556
MFWS,1,1.825,3.625,0.50344825,1,1.269815368,1,1.75
MLNS,1,-11.398,9.264,-1.2303541,1,-0.575672989,0,-0.142857143
MOUZ,1,2.964,0.533,5.5609756,1,1.719284137,0,1.564285714
MRYE,1,-2.333,2.172,-1.0741252,1,1.719284137,1,1.921428571
MSBZ,1,-0.362,0.179,-2.0223463,1,1.119992445,0,-0.605555556
NCBZ,1,-1.785,1.797,-0.99332219,1,1.569461214,0,-0.321428571
NCPN,1,2.673,0.698,3.8295128,1,-2.1356952,0.25,3.014285714
NDCU,1,8.595,5.09,1.6886051,1,-1.824555674,1,-2.134920635
NEJA,1,-2.412,2.837,-0.85019386,1,-1.474610527,1,0.2
NHZL,1,11.507,0.952,12.087185,1,-0.775795213,1,-0.957142857
NOLD,1,2.229,3.581,0.62245184,1,1.419638291,1,1.278571429
NPJH,1,-2.173,1.126,-1.9298401,1,-0.937111816,0.5,-3.114285714
NRJN,1,-4.258,4.778,-0.89116788,1,0.471448408,0,2.481746032
NSPO,1,0.576,1.537,0.37475601,1,-1.524909828,1,-1.634920635
NUYK,1,-2.177,0.006755,-322.27979,1,-0.937111816,1,0.472222222
OATA,1,-83.141,59.608,-1.394796,1,-1.995726893,0.75,-2.285714286
OCTX,1,-8.541,8.751,-0.97600275,1,-0.62597229,0,-1.860714286
ORMQ,1,-0.681,2.533,-0.26885116,1,-1.375086905,0.25,-0.328571429
OSIC,1,-2.454,0.874,-2.8077803,1,0.598876079,0.75,0.542857143
OWMB,1,-135.236,44.652,-3.028666,1,0.610369759,0,0.978571429
OYIG,1,-3.245,1.569,-2.0681963,1,2.018929983,1,-2.2
PDMO,1,-0.586,0.6,-0.97666669,1,-0.775795213,0.75,-0.757142857
PEJY,1,-77.103,47.534,-1.6220599,1,1.707790457,1,-1.814285714
PHXZ,1,-2.381,0.485,-4.9092784,1,0.183296242,0.75,3.264285714
PKYR,1,-1.526,1.285,-1.1875486,1,2.018929983,1,-2.612698413
PRJG,1,-18.84,26.861,-0.70138866,1,-0.775795213,1,1.635714286
PUBS,1,-8.521,4.249,-2.0054131,1,-1.524909828,1,1.121428571
PVCC,1,187.877,59.223,3.1723654,1,-0.425850066,0,2.317460317
QBYX,1,0.181,0.855,0.21169591,1,0.183296242,1,0.078571429
QDZZ,1,-58.495,0.444,-131.7455,1,1.569461214,0,1.615079365
QFYA,1,-42.546,203.42,-0.20915347,1,1.569461214,0,-1.835714286
QKTL,1,-25.37,27.765,-0.91374034,1,0.910015605,1,0.796428571
QLBB,1,1.21,2.744,0.44096211,1,2.018929983,1,1.514285714
QLGC,1,2.523,4.82,0.523444,1,-1.824555674,0,-3.192857143
QLQL,1,-0.641,5.416,-0.11835303,1,-2.295372739,0.25,-0.906349206
QLWV,1,-11.849,18.319,-0.64681476,1,-0.725495912,0.5,-0.075
QTPF,1,16.567,64.995,0.25489652,1,-1.225263982,0,0.007142857
QWAS,1,-2.522,0.392,-6.4336734,1,2.018929983,0,3.214285714
QXPZ,1,4.446,14.43,0.30810812,1,-0.326326444,1,-2
RDFJ,1,-22.153,17.437,-1.2704594,1,1.569461214,1,-0.514285714
RLPD,1,-0.71,0.018,-39.444443,1,-1.84590397,0.25,-4.907142857
RQFZ,1,-0.941,0.371,-2.5363882,1,0.333119165,0,0.75
SDJW,1,0.21,2.374,0.0884583,1,-1.83441029,0.75,-0.621428571
SDKG,1,-1.08,0.137,-7.8832116,1,1.86910706,0.25,1.1
SEPC,1,4.35,10.48,0.41507635,1,-2.134056136,0.25,-1.178571429
SYUY,1,-1.59,3.352,-0.47434369,1,-0.787288893,1,1.7
TBGV,1,2.374,3.721,0.63800055,1,1.719284137,0,-1.814285714
TJQM,1,0.818,0.531,1.5404897,1,-1.824555674,1,-0.935714286
TKJI,1,-11.605,6.247,-1.8576916,1,-1.84590397,1,0.738888889
TOPR,1,-6.322,1.318,-4.7966614,1,0.011078067,0,0.914285714
TURQ,1,-1.439,0.63,-2.284127,1,-1.524909828,0.75,1.4
TWZE,1,-12.177,0.524,-23.23855,1,2.018929983,0,-1.485714286
TXCM,1,21.088,12.382,1.7031174,1,-1.174964681,0.75,0.703174603
TXFR,1,-0.874,0.109,-8.0183487,1,1.707790457,1,0.742857143
TXXS,1,-10.863,4.625,-2.3487568,1,0.782587934,0,2.671428571
UFAO,1,-171.1,112.2,-1.5249554,1,-1.075441059,1,-2.384126984
UISV,1,0.002596,0.002249,1.1542908,1,-2.733347828,1,-2.85
UQYD,1,-0.736,0.194,-3.7938144,1,1.408144611,0.75,2.757142857
UTKY,1,0.851,80.021,0.010634708,1,-1.075441059,0,-1.528571429
UXOU,1,11.04,18.449,0.59840643,1,1.719284137,0,-2.378571429
VBXC,1,-4.234,1.9,-2.228421,1,-0.41599545,1,-4.6
VFDC,1,0.205,0.241,0.85062242,1,-0.725495912,0,1.607142857
VHSY,1,-2.26,6.14,-0.36807817,1,-1.236757662,1,-1.761111111
VUVW,1,-2.379,0.514,-4.6284046,1,0.632765011,1,-1.257142857
WGMQ,1,-0.119,0.057,-2.0877192,1,1.719284137,0,0.435714286
WYBV,1,-0.209,0.292,-0.71575344,1,2.018929983,0.75,4.138888889
XFUD,1,-1.365,4.722,-0.28907242,1,-2.744841508,0,-1.563492063
XJQN,1,-8.876,0.155,-57.264515,1,1.86910706,1,1.85
XMDF,1,-0.00102,0.00981,-0.10397553,1,-0.127843284,0.75,-1.207142857
XPUJ,1,-2.396,8.69,-0.27571923,1,-1.83441029,0.25,-1.228571429
XVDF,1,0.478,1.015,0.47093597,1,-0.787288893,1,1.464285714
XYAZ,1,-0.586,0.401,-1.4613466,1,1.719284137,1,2.25
YDEI,1,-0.61,0.26,-2.3461537,1,0.798998303,1,2.561507937
YHDE,1,-1.389,2.802,-0.49571735,1,2.018929983,0,-0.157142857
YRWI,1,-2.3,0.131,-17.557251,1,-0.886812515,0,0.185714286
YTDU,1,-119.812,78.744,-1.5215381,1,-1.375086905,0,1.371428571
YTEZ,1,-2.406,1.326,-1.8144796,1,-1.225263982,1,1.45
ZAAZ,1,-12.453,5.876,-2.1192989,1,1.569461214,1,3.214285714
ZATN,1,-24.165,13.639,-1.7717575,1,-0.609561921,1,-0.421428571
ZGYM,1,-0.275,0.022,-12.5,1,-1.536403508,0.75,-0.621428571
ZKFY,1,-17.121,30.893,-0.55420321,1,1.569461214,0.75,0.971428571
ZOHR,1,-0.328,9.461,-0.034668639,1,1.119992445,0,-1.976984127
ZYIE,1,-3.024,0.502,-6.0239043,1,2.018929983,1,0.928571429
AFES,2,7.737,6.906,1.1203301,1,1.569461214,0,1.007142857
AJRC,2,0.728,21.082,0.034531828,1,-0.63746597,1,0.164285714
AMHC,2,0.973,11.036,0.088165998,1,-2.134056136,1,-0.45
ANXH,2,1.29,0.224,5.7589288,1,2.018929983,0,-0.578571429
AOTG,2,-3.52,0.762,-4.6194224,1,-0.266172527,0,2.078571429
ASHN,2,-5.531,1.704,-3.245892,1,1.419638291,0,-0.407142857
AXUO,2,0.689,6.346,0.10857233,1,2.018929983,1,2.321428571
BBDS,2,-4.259,2.93,-1.4535836,1,-2.134056136,0.75,-3.964285714
BCCY,2,3.306,9.684,0.34138787,1,0.471448408,0.75,0.038888889
BCLX,2,-0.158,0.016,-9.875,1,0.183296242,0.75,1.471428571
BERH,2,-13.726,1.399,-9.8112936,1,0.610369759,0,-0.292857143
BJMG,2,17.031,23.89,0.71289241,1,0.960314906,0.75,-1.126984127
BMGE,2,-3.231,9.248,-0.34937283,1,-1.375086905,0,-1.185714286
BMVK,2,-2.302,3.144,-0.73218828,1,-2.433701982,1,1.378571429
BUKS,2,4.407,13.517,0.32603389,1,-1.684587367,1,-1.357142857
BYCV,2,-3.182,3.041,-1.0463663,1,-0.875318835,1,-2.475396825
CBIP,2,6.135,3.794,1.6170269,1,0.16090099,1,-1.457142857
CBYS,2,-3.284,1.857,-1.7684437,1,-0.476149367,0.75,-1.913492063
CCPO,2,-11.99,2.753,-4.3552489,1,-0.298422395,1,0.660714286
CGHP,2,-4.632,1.172,-3.9522185,1,2.018929983,1,1.817857143
CIIE,2,-0.0098,0.00328,-2.9878049,1,-0.565818373,1,-1.8
CKPF,2,41.343,28.264,1.4627441,1,0.958675842,1,0.407142857
CMMG,2,-6.416,0.397,-16.161209,1,-0.63746597,0,-2.207142857
CNYO,2,-0.023,0.009054,-2.5403137,1,-0.62597229,0,-0.621428571
COQM,2,-6.508,1.161,-5.6055126,1,-1.075441059,1,3.25
CUSM,2,29.163,38.208,0.76326948,1,-1.235118598,0.75,0.8
CVZM,2,1.341,9.853,0.13610068,1,-1.684587367,0.75,-0.192857143
CXHI,2,-6.898,6.656,-1.0363581,1,1.419638291,1,-2.717857143
DBVU,2,2.323,0.344,6.7529068,1,1.408144611,1,0.214285714
DCJM,2,-3.97,35.481,-0.11189087,1,1.269815368,1,0.171428571
DEXO,2,-10.101,1.936,-5.2174587,1,-1.225263982,0,-0.971428571
DQAG,2,-6.163,2.87,-2.1473868,1,-2.433701982,0.75,0.485714286
DVAE,2,1.372,5.492,0.24981792,1,1.569461214,0.5,-2.014285714
EJWM,2,0.263,3.212,0.08188045,1,0.670523676,1,1.578571429
EONY,2,-7.552,3.197,-2.3622146,1,0.610369759,1,1.192857143
EVGS,2,-6.245,5.875,-1.0629787,1,0.199706611,1,-0.203571429
EZBJ,2,-2.684,12.289,-0.21840671,1,0.632765011,0,-0.671428571
EZRL,2,29.702,23.14,1.2835783,1,-2.295372739,1,0.978571429
FFHG,2,-5.641,6.201,-0.90969199,1,2.018929983,0.5,-0.692857143
FFKM,2,-7.089,5.089,-1.3930045,1,0.033473319,0.75,-0.492857143
FHEW,2,11.865,0.363,32.685951,1,2.018929983,0,-0.378571429
FNTW,2,-1.087,9.914,-0.10964293,1,2.018929983,1,-3.235714286
FRXI,2,0.517,6.912,0.074797451,1,-0.326326444,1,-1.01984127
FTRF,2,13.24,3.311,3.9987919,1,1.108498765,0,1.028571429
GIPP,2,8.119,9.374,0.86611903,1,-0.62597229,1,0.317460317
GRFN,2,-4.325,4.414,-0.97983688,1,1.707790457,1,2.957142857
GTPQ,2,2.474,3.136,0.78890306,1,1.569461214,0,1.55
GXEN,2,10.575,51.532,0.2052123,1,-0.775795213,1,-0.921428571
GZFF,2,10.444,19.579,0.53342867,1,1.569461214,1,-0.65
HEGK,2,-3.82,4.383,-0.87154919,1,-0.62597229,0.75,-0.035714286
HEVE,2,-2.453,7.916,-0.30987874,1,-1.84590397,0,0.971428571
HKIO,2,-0.94,7.156,-0.1313583,1,0.183296242,0,0.642857143
HMEP,2,52.636,65.041,0.80927414,1,-1.375086905,1,-0.75
HVXK,2,538.282,323.014,1.6664355,1,1.569461214,1,-0.485714286
IIVX,2,-1.749,4.921,-0.35541555,1,-0.288567779,1,0.514285714
IMLY,2,1.324,6.897,0.19196752,1,1.269815368,0,1.296428571
IWSS,2,1.208,10.216,0.11824589,1,-0.925618136,0,-1.742857143
JAAQ,2,89.01,146.7,0.60674846,1,-0.925618136,0.75,-4.828571429
JARZ,2,-238.121,89.349,-2.6650662,1,-0.775795213,0,-0.749206349
JFYE,2,34.662,23.357,1.484009,1,0.299230233,0.5,-1.828571429
JGAO,2,-3.795,3.861,-0.98290598,1,1.719284137,1,1.617857143
JGKG,2,-6.927,1.031,-6.7187195,1,-0.937111816,1,0.471428571
JPCI,2,-13.366,10.675,-1.2520843,1,-0.937111816,1,0.878571429
JVQU,2,1.537,2.213,0.69453233,1,0.820346599,1,-4.834126984
JYUR,2,-1.19,3.78,-0.31481481,1,-1.84590397,1,-2.335714286
KHSV,2,-6.76,0.514,-13.151751,1,-1.984233213,1,-1.535714286
KJCY,2,-23.402,25.747,-0.90892142,1,-0.425850066,0.25,1.057142857
KJMR,2,6.492,7.166,0.90594476,1,1.719284137,1,-2.128571429
KJNQ,2,-2.522,4.666,-0.54050577,1,-1.236757662,1,-1.678571429
KSUJ,2,-1.935,0.825,-2.3454545,1,-0.775795213,1,2.064285714
KWUT,2,14.091,24.804,0.56809384,1,-0.277666207,0.75,3.242857143
KZPU,2,116.072,72.217,1.607267,1,0.310723913,0,0.335714286
LBOM,2,0.097,3.003,0.032301031,1,0.033473319,0,-1.4
LHIK,2,-0.556,7.082,-0.078508899,1,-0.775795213,1,-2.971428571
LKWD,2,-2.656,7.832,-0.33912155,1,1.569461214,1,1.692857143
LQUT,2,22.301,20.842,1.0700029,1,0.970169522,0.75,-1.162698413
LTMC,2,7.029,10.776,0.65228283,1,-1.075441059,0,-0.25
LXOK,2,-0.00065,0.00033,-1.969697,1,-0.725495912,1,0.557142857
LYOD,2,-0.793,8.406,-0.094337381,1,2.018929983,1,-2.242857143
LZHZ,2,-0.26,1.36,-0.19117647,1,-1.674732751,1,-1.807142857
LZWO,2,-6.254,0.832,-7.5168271,1,1.108498765,1,-1.755555556
MFWS,2,0.564,8.919,0.06323579,1,1.269815368,1,1.25
MLNS,2,10.862,10.02,1.0840319,1,-0.575672989,0,-0.642857143
MOUZ,2,2.455,0.495,4.9595962,1,1.719284137,0,1.064285714
MRYE,2,7.232,8.431,0.85778672,1,1.719284137,1,1.421428571
MSBZ,2,-9.042,3.352,-2.697494,1,1.119992445,0.25,0.394444444
NCBZ,2,3.058,2.241,1.3645694,1,1.569461214,1,0.178571429
NCPN,2,-2.277,1.231,-1.8497157,1,-2.1356952,0.75,1.014285714
NDCU,2,-0.948,1.458,-0.65020579,1,-1.824555674,1,-1.134920635
NEJA,2,-25.066,50.045,-0.50086921,1,-1.474610527,1,-0.8
NHZL,2,-4.48,3.629,-1.2344998,1,-0.775795213,1,-1.957142857
NOLD,2,248.159,217.449,1.1412286,1,1.419638291,1,0.778571429
NPJH,2,-8.056,1.021,-7.8903036,1,-0.937111816,0.75,-2.614285714
NRJN,2,-1.457,6.879,-0.21180405,1,0.471448408,0,0.981746032
NSPO,2,1.181,1.179,1.0016963,1,-1.524909828,1,-3.634920635
NUYK,2,-0.291,0.002071,-140.51183,1,-0.937111816,1,0.472222222
OATA,2,100.753,162.478,0.62010241,1,-1.995726893,0.75,-2.285714286
OCTX,2,15.142,18.586,0.81469923,1,-0.62597229,0,-1.860714286
ORMQ,2,-0.107,6.172,-0.017336357,1,-1.375086905,1,-3.828571429
OSIC,2,-3.972,0.835,-4.756886,1,0.598876079,1,-0.457142857
OWMB,2,688.332,492.588,1.3973787,1,0.610369759,0,1.478571429
OYIG,2,-1.801,0.974,-1.849076,1,2.018929983,1,-3.2
PDMO,2,2.928,5.98,0.4896321,1,-0.775795213,0.75,0.242857143
PEJY,2,-0.2,9.834,-0.020337604,1,1.707790457,1,-0.814285714
PHXZ,2,0.828,0.591,1.4010153,1,0.183296242,1,2.764285714
PKYR,2,-3.191,0.309,-10.32686,1,2.018929983,1,-3.112698413
PRJG,2,9.623,16.909,0.56910521,1,-0.775795213,0,-1.364285714
PUBS,2,22.219,17.462,1.2724202,1,-1.524909828,0,-0.378571429
PVCC,2,-186074.5,188404.1,-0.98763508,1,-0.425850066,0,-0.682539683
QBYX,2,0.00276726,0.00091029,3.0399764,1,0.183296242,1,1.078571429
QDZZ,2,0.8,0.00011627,6880.5366,1,1.569461214,0,0.115079365
QFYA,2,1.142,24.426,0.046753459,1,1.569461214,0,-0.335714286
QKTL,2,19.434,21.14,0.9192999,1,0.910015605,1,-0.703571429
QLBB,2,-1.92,17.708,-0.10842557,1,2.018929983,0.25,1.514285714
QLGC,2,15.281,27.777,0.55013138,1,-1.824555674,0,-2.192857143
QLQL,2,0.01,12.234,0.000817394,1,-2.295372739,0.25,-0.906349206
QLWV,2,2.54,12.331,0.20598492,1,-0.725495912,0.5,-2.075
QTPF,2,-4.513,24.839,-0.18169008,1,-1.225263982,0,0.507142857
QWAS,2,1.443,0.929,1.5532831,1,2.018929983,0,0.714285714
QXPZ,2,2.533,25.53,0.09921661,1,-0.326326444,1,-2.5
RDFJ,2,-6.265,4.053,-1.5457686,1,1.569461214,1,-0.514285714
RLPD,2,-203.391,0.266,-764.62781,1,-1.84590397,0.25,-5.407142857
RQFZ,2,-0.006488,0.731,-0.008875513,1,0.333119165,0,1.75
SDJW,2,-3.16,8.7,-0.3632184,1,-1.83441029,1,-2.621428571
SDKG,2,0.098,0.142,0.69014084,1,1.86910706,0.25,1.1
SEPC,2,-0.66,0.745,-0.88590604,1,-2.134056136,0,-2.178571429
SYUY,2,-4.477,4.815,-0.92980272,1,-0.787288893,1,-2.3
TBGV,2,3.9,0.931,4.189044,1,1.719284137,0,-3.314285714
TJQM,2,-6.455,0.136,-47.463234,1,-1.824555674,0.25,-0.435714286
TKJI,2,-96.314,6.615,-14.559939,1,-1.84590397,1,0.738888889
TOPR,2,1098,394.8,2.7811551,1,0.011078067,0,0.414285714
TURQ,2,-4.657,1.836,-2.5364923,1,-1.524909828,1,1.4
TWZE,2,7.416,1.977,3.751138,1,2.018929983,0,-0.985714286
TXCM,2,3.282,3.366,0.97504455,1,-1.174964681,0.75,-1.296825397
TXFR,2,-1.359,0.43,-3.160465,1,1.707790457,1,1.742857143
TXXS,2,2.098,1.122,1.8698752,1,0.782587934,0,0.171428571
UFAO,2,2.981,14.931,0.19965173,1,-1.075441059,0.75,-1.384126984
UISV,2,-0.029,0.029,-1,1,-2.733347828,1,-0.35
UQYD,2,-0.318,0.037,-8.594595,1,1.408144611,0.75,1.257142857
UTKY,2,-2.377,4.558,-0.52150065,1,-1.075441059,1,1.471428571
UXOU,2,-90.1,128.187,-0.70287937,1,1.719284137,0,2.121428571
VBXC,2,-2.268,3.263,-0.69506592,1,-0.41599545,0.75,-0.1
VFDC,2,0.064,0.033,1.939394,1,-0.725495912,0,1.607142857
VHSY,2,4124,4172,0.98849475,1,-1.236757662,1,-0.761111111
VUVW,2,-0.575,0.918,-0.62636167,1,0.632765011,1,2.242857143
WGMQ,2,-0.00034,0.00024,-1.4166666,1,1.719284137,0,-3.064285714
WYBV,2,-2.356,0.459,-5.1328974,1,2.018929983,0.75,3.138888889
XFUD,2,3.888,21.513,0.18072793,1,-2.744841508,0,-3.563492063
XJQN,2,-3.22,0.558,-5.7706094,1,1.86910706,1,-0.15
XMDF,2,3.54E-08,4.26E-08,0.8309859,1,-0.127843284,1,-2.207142857
XPUJ,2,5.828,15.397,0.3785153,1,-1.83441029,0.75,-0.228571429
XVDF,2,0.432,9.965,0.043351732,1,-0.787288893,1,0.464285714
XYAZ,2,-5.498,1.436,-3.8286908,1,1.719284137,1,2.25
YDEI,2,-0.031,0.003478,-8.9131689,1,0.798998303,1,2.561507937
YHDE,2,19.657,25.264,0.77806365,1,2.018929983,0,0.842857143
YRWI,2,-1.763,0.186,-9.4784946,1,-0.886812515,0,1.185714286
YTDU,2,77.332,59.165,1.3070565,1,-1.375086905,0,-0.128571429
YTEZ,2,7.116,5.047,1.4099466,1,-1.225263982,1,1.95
ZAAZ,2,3.682,6.317,0.58287162,1,1.569461214,1,1.714285714
ZATN,2,113.8,120.3,0.94596839,1,-0.609561921,1,0.078571429
ZGYM,2,-8.865,0.4,-22.1625,1,-1.536403508,0.5,-0.121428571
ZKFY,2,-1.769,10.352,-0.17088485,1,1.569461214,0.75,-1.028571429
ZOHR,2,5.524,40.238,0.13728316,1,1.119992445,0,-1.976984127
ZYIE,2,-6.303,1.161,-5.4289408,1,2.018929983,1,-0.071428571
AFES,3,-3.126,1.964,-1.5916497,1,1.569461214,0,1.507142857
AJRC,3,3.817,2.083,1.8324533,1,-0.63746597,1,0.164285714
AMHC,3,-3.324,1.9,-1.7494737,1,-2.134056136,1,0.05
ANXH,3,-3.801,0.039,-97.46154,1,2.018929983,0.25,1.921428571
AOTG,3,-3.734,0.078,-47.871796,1,-0.266172527,0,1.578571429
ASHN,3,-2.72,0.297,-9.1582489,1,1.419638291,0,-0.407142857
AXUO,3,-2.586,1.481,-1.7461175,1,2.018929983,0.75,3.321428571
BBDS,3,-1.045,0.801,-1.3046192,1,-2.134056136,1,-1.464285714
BCCY,3,-3.438,1.997,-1.7215824,1,0.471448408,1,1.038888889
BCLX,3,-3.771,0.039,-96.692307,1,0.183296242,1,1.971428571
BERH,3,-3.775,0.294,-12.840137,1,0.610369759,0,1.207142857
BJMG,3,-3.438,1.998,-1.7207208,1,0.960314906,0,0.873015873
BMGE,3,8.688,3.178,2.7337949,1,-1.375086905,1,-2.685714286
BMVK,3,-2.328,1.368,-1.7017543,1,-2.433701982,1,2.378571429
BUKS,3,-3.323,1.9,-1.7489474,1,-1.684587367,0.75,-1.857142857
BYCV,3,-2.407,1.675,-1.4370149,1,-0.875318835,1,-2.475396825
CBIP,3,-0.173,0.1,-1.73,1,0.16090099,1,1.542857143
CBYS,3,-2.811,0.894,-3.1442952,1,-0.476149367,1,1.086507937
CCPO,3,-3.72,0.128,-29.0625,1,-0.298422395,1,0.910714286
CGHP,3,-3.792,0.306,-12.392157,1,2.018929983,1,2.567857143
CIIE,3,-0.000817,0.0000577,-14.159446,1,-0.565818373,1,1.2
CKPF,3,-3.3,1.697,-1.9446081,1,0.958675842,1,1.907142857
CMMG,3,-2.972,0.055,-54.036366,1,-0.63746597,0,-2.707142857
CNYO,3,-0.567,0.006374,-88.955132,1,-0.62597229,0,0.878571429
COQM,3,-1.312,0.132,-9.939394,1,-1.075441059,0.75,2.75
CUSM,3,-3.438,1.997,-1.7215824,1,-1.235118598,1,1.3
CVZM,3,2.044,2.806,0.72843903,1,-1.684587367,0.75,-3.692857143
CXHI,3,-3.432,1.995,-1.7203008,1,1.419638291,1,0.282142857
DBVU,3,-3.764,0.095,-39.621052,1,1.408144611,1,3.214285714
DCJM,3,-3.296,5.177,-0.63666219,1,1.269815368,1,1.171428571
DEXO,3,-3.732,0.361,-10.33795,1,-1.225263982,1,2.028571429
DQAG,3,0.7,0.12,5.8333335,1,-2.433701982,0.75,0.485714286
DVAE,3,-2.824,1.697,-1.6641132,1,1.569461214,0.5,-1.014285714
EJWM,3,0.27,0.392,0.68877554,1,0.670523676,1,2.078571429
EONY,3,-3.324,2.027,-1.6398618,1,0.610369759,1,1.692857143
EVGS,3,-3.44,0.999,-3.4434435,1,0.199706611,1,0.796428571
EZBJ,3,0.981,3.599,0.27257571,1,0.632765011,0,0.828571429
EZRL,3,-3.47,0.883,-3.9297848,1,-2.295372739,1,-0.021428571
FFHG,3,-3.294,1.967,-1.6746315,1,2.018929983,1,3.807142857
FFKM,3,-3.324,1.794,-1.8528428,1,0.033473319,0.75,2.007142857
FHEW,3,-0.081,0.613,-0.13213703,1,2.018929983,0.5,-0.378571429
FNTW,3,-2.524,1.755,-1.4381766,1,2.018929983,1,-2.235714286
FRXI,3,-3.307,1.965,-1.6829517,1,-0.326326444,1,2.48015873
FTRF,3,-3.655,0.179,-20.418995,1,1.108498765,0,2.528571429
GIPP,3,-3.168,2.282,-1.388256,1,-0.62597229,1,0.317460317
GRFN,3,-3.723,0.27,-13.788889,1,1.707790457,1,2.957142857
GTPQ,3,-3.305,0.696,-4.7485633,1,1.569461214,0,2.05
GXEN,3,-3.235,2.017,-1.6038672,1,-0.775795213,1,-2.921428571
GZFF,3,-3.438,1.997,-1.7215824,1,1.569461214,1,1.85
HEGK,3,-1.311,0.084,-15.607142,1,-0.62597229,1,0.464285714
HEVE,3,-3.437,1.997,-1.7210816,1,-1.84590397,0,0.971428571
HKIO,3,-3.552,1.89,-1.8793651,1,0.183296242,0,1.642857143
HMEP,3,-3.432,1.999,-1.7168584,1,-1.375086905,0.75,0.25
HVXK,3,-3.438,1.997,-1.7215824,1,1.569461214,1,1.014285714
IIVX,3,-3.732,0.361,-10.33795,1,-0.288567779,1,1.014285714
IMLY,3,-3.438,1.349,-2.5485544,1,1.269815368,0,1.296428571
IWSS,3,-2.214,1.832,-1.2085153,1,-0.925618136,0,-2.242857143
JAAQ,3,3.324,7.602,0.43725336,1,-0.925618136,1,1.171428571
JARZ,3,-0.086,4.198,-0.020485945,1,-0.775795213,0,-0.249206349
JFYE,3,-1.241,4.933,-0.25157106,1,0.299230233,0.5,-0.328571429
JGAO,3,-3.206,2.043,-1.5692608,1,1.719284137,1,1.617857143
JGKG,3,-3.759,0.145,-25.924137,1,-0.937111816,1,2.971428571
JPCI,3,-2.499,0.035,-71.400002,1,-0.937111816,1,2.378571429
JVQU,3,-1.799,0.314,-5.7292995,1,0.820346599,1,3.165873016
JYUR,3,-3.425,1.968,-1.7403455,1,-1.84590397,1,2.164285714
KHSV,3,-3.825,0.171,-22.368422,1,-1.984233213,1,-0.535714286
KJCY,3,-4.241,2.197,-1.9303596,1,-0.425850066,1,0.557142857
KJMR,3,-3.588,0.111,-32.324326,1,1.719284137,1,-1.128571429
KJNQ,3,0.058,2.973,0.019508913,1,-1.236757662,1,0.321428571
KSUJ,3,-2.817,0.388,-7.2603092,1,-0.775795213,1,2.064285714
KWUT,3,-3.438,1.997,-1.7215824,1,-0.277666207,1,2.242857143
KZPU,3,-2.896,0.845,-3.4272189,1,0.310723913,0,1.335714286
LBOM,3,-3.31,1.943,-1.7035512,1,0.033473319,0,1.6
LHIK,3,-3.541,1.94,-1.8252578,1,-0.775795213,0,1.528571429
LKWD,3,-3.3,2.042,-1.6160626,1,1.569461214,1,1.692857143
LQUT,3,-3.324,1.9,-1.7494737,1,0.970169522,1,-1.162698413
LTMC,3,-3.323,0.938,-3.542644,1,-1.075441059,1,2.25
LXOK,3,-1.308,0.113,-11.575221,1,-0.725495912,0.5,0.557142857
LYOD,3,-3.803,0.336,-11.318453,1,2.018929983,1,-0.742857143
LZHZ,3,-3.75,0.308,-12.175324,1,-1.674732751,1,-0.307142857
LZWO,3,-2.594,0.498,-5.2088351,1,1.108498765,1,1.744444444
MFWS,3,-3.198,2.038,-1.5691855,1,1.269815368,1,2.75
MLNS,3,-2.22,1.58,-1.4050633,1,-0.575672989,0,-1.142857143
MOUZ,3,-2.002,0.369,-5.4254742,1,1.719284137,0,1.564285714
MRYE,3,-3.279,1.948,-1.6832649,1,1.719284137,1,1.421428571
MSBZ,3,-3.649,0.318,-11.474843,1,1.119992445,0.25,0.394444444
NCBZ,3,-2.084,0.83,-2.5108433,1,1.569461214,1,0.178571429
NCPN,3,-3.436,0.37,-9.2864866,1,-2.1356952,1,2.514285714
NDCU,3,-3.732,0.361,-10.33795,1,-1.824555674,1,-0.134920635
NEJA,3,-3.782,1.991,-1.8995479,1,-1.474610527,1,-0.8
NHZL,3,-3.792,0.151,-25.112583,1,-0.775795213,1,-1.957142857
NOLD,3,-3.288,1.944,-1.691358,1,1.419638291,1,0.778571429
NPJH,3,4.85,1.536,3.157552,1,-0.937111816,0.75,-0.614285714
NRJN,3,-3.438,1.997,-1.7215824,1,0.471448408,0,1.981746032
NSPO,3,-2.307,1.596,-1.4454887,1,-1.524909828,1,-1.634920635
NUYK,3,-3.702,0.002426,-1525.9686,1,-0.937111816,1,0.472222222
OATA,3,-3.433,1.994,-1.721665,1,-1.995726893,1,-2.285714286
OCTX,3,-3.488,2.198,-1.5868971,1,-0.62597229,0,-0.860714286
ORMQ,3,-3.425,1.366,-2.5073206,1,-1.375086905,1,-0.328571429
OSIC,3,-3.763,0.344,-10.938953,1,0.598876079,1,0.542857143
OWMB,3,-1.741,4.671,-0.37272534,1,0.610369759,0,0.978571429
OYIG,3,-3.802,0.301,-12.631229,1,2.018929983,1,1.8
PDMO,3,-3.489,2.078,-1.6790183,1,-0.775795213,1,0.742857143
PEJY,3,-3.438,1.997,-1.7215824,1,1.707790457,1,2.685714286
PHXZ,3,3.774,0.128,29.484375,1,0.183296242,0.75,2.764285714
PKYR,3,-3.76,0.135,-27.851852,1,2.018929983,1,-0.112698413
PRJG,3,-1.418,0.782,-1.8132992,1,-0.775795213,1,-0.364285714
PUBS,3,-3.185,1.325,-2.4037735,1,-1.524909828,1,0.621428571
PVCC,3,-2.058,0.272,-7.5661764,1,-0.425850066,0,2.317460317
QBYX,3,-3.753,0.347,-10.815562,1,0.183296242,1,0.578571429
QDZZ,3,-3.172,0.00114486,-2770.6445,1,1.569461214,0,1.615079365
QFYA,3,-3.435,7.717,-0.44512117,1,1.569461214,0,2.164285714
QKTL,3,-3.193,1.954,-1.634084,1,0.910015605,1,0.796428571
QLBB,3,-3.82,2.083,-1.8338934,1,2.018929983,1,1.014285714
QLGC,3,-3.438,1.997,-1.7215824,1,-1.824555674,0,-1.692857143
QLQL,3,4.248,8.533,0.49783194,1,-2.295372739,0.25,1.593650794
QLWV,3,3.438,1.997,1.7215824,1,-0.725495912,1,0.425
QTPF,3,-3.425,7.62,-0.44947508,1,-1.225263982,0,0.507142857
QWAS,3,-3.763,0.1,-37.630001,1,2.018929983,0,3.714285714
QXPZ,3,-3.425,7.87,-0.43519694,1,-0.326326444,1,-2
RDFJ,3,-3.427,1.968,-1.7413617,1,1.569461214,1,1.485714286
RLPD,3,-25.094,0.116,-216.32759,1,-1.84590397,0.25,-4.907142857
RQFZ,3,-1.605,0.135,-11.888889,1,0.333119165,0,1.75
SDJW,3,-3.438,1.997,-1.7215824,1,-1.83441029,1,1.878571429
SDKG,3,1.761,0.264,6.6704545,1,1.86910706,0.25,1.1
SEPC,3,-2.538,2.087,-1.2160996,1,-2.134056136,0.75,-2.178571429
SYUY,3,-3.296,2.05,-1.6078049,1,-0.787288893,1,1.7
TBGV,3,-2.972,1.373,-2.164603,1,1.719284137,0,1.185714286
TJQM,3,-3.758,0.04,-93.949997,1,-1.824555674,0.25,1.564285714
TKJI,3,-2.883,2.261,-1.2750995,1,-1.84590397,1,-2.761111111
TOPR,3,-20.29,1.043,-19.453499,1,0.011078067,0,1.414285714
TURQ,3,-3.732,0.361,-10.33795,1,-1.524909828,1,1.4
TWZE,3,-3.867,0.042,-92.071426,1,2.018929983,0,-0.985714286
TXCM,3,-3.431,1.937,-1.7712958,1,-1.174964681,0.75,0.203174603
TXFR,3,-1.321,0.05,-26.42,1,1.707790457,1,1.742857143
TXXS,3,-3.13,0.548,-5.711679,1,0.782587934,0,1.171428571
UFAO,3,-3.324,1.9,-1.7494737,1,-1.075441059,1,-0.384126984
UISV,3,-1.299,0.014,-92.785713,1,-2.733347828,1,0.15
UQYD,3,-3.324,0.093,-35.741936,1,1.408144611,0.75,3.757142857
UTKY,3,-2.862,1.575,-1.8171428,1,-1.075441059,0.75,1.971428571
UXOU,3,-117.474,378.821,-0.31010425,1,1.719284137,0,4.121428571
VBXC,3,-1.307,0.132,-9.901515,1,-0.41599545,1,1.4
VFDC,3,-1.307,0.057,-22.929825,1,-0.725495912,0,1.607142857
VHSY,3,-3.324,1.9,-1.7494737,1,-1.236757662,0,-0.761111111
VUVW,3,-3.864,0.36,-10.733334,1,0.632765011,1,3.242857143
WGMQ,3,-1.315,0.114,-11.535088,1,1.719284137,0,1.435714286
WYBV,3,-3.036,0.281,-10.804271,1,2.018929983,0.75,3.638888889
XFUD,3,-3.406,2.013,-1.6920019,1,-2.744841508,0,-0.063492063
XJQN,3,-3.819,0.104,-36.721153,1,1.86910706,1,1.85
XMDF,3,1.51E-08,4.73E-09,3.192389,1,-0.127843284,1,-0.707142857
XPUJ,3,-3.433,1.994,-1.721665,1,-1.83441029,1,-0.728571429
XVDF,3,-3.458,1.969,-1.7562214,1,-0.787288893,1,0.464285714
XYAZ,3,-3.776,0.284,-13.295774,1,1.719284137,1,2.25
YDEI,3,-1.295,0.014,-92.5,1,0.798998303,1,2.561507937
YHDE,3,-3.304,2.033,-1.6251844,1,2.018929983,0,0.342857143
YRWI,3,-3.996,0.045,-88.800003,1,-0.886812515,0,0.685714286
YTDU,3,-3.438,1.997,-1.7215824,1,-1.375086905,1,0.871428571
YTEZ,3,-2.865,0.872,-3.2855504,1,-1.225263982,1,2.45
ZAAZ,3,-2.856,1.719,-1.6614311,1,1.569461214,1,0.714285714
ZATN,3,-3.225,1.916,-1.6831942,1,-0.609561921,1,2.078571429
ZGYM,3,-3.695,0.002556,-1445.6182,1,-1.536403508,0.75,0.878571429
ZKFY,3,-3.377,0.975,-3.4635897,1,1.569461214,1,1.471428571
ZOHR,3,-3.074,0.729,-4.2167354,1,1.119992445,1,2.023015873
ZYIE,3,-3.844,0.195,-19.71282,1,2.018929983,1,0.428571429
AFES,4,6.784,4.629,1.4655433,1,1.569461214,0,1.007142857
AJRC,4,5.341,14.241,0.3750439,1,-0.63746597,1,0.164285714
AMHC,4,34.888,27.114,1.2867154,1,-2.134056136,0.75,-0.45
ANXH,4,0.649,0.201,3.2288556,1,2.018929983,1,-0.578571429
AOTG,4,-2.752,0.861,-3.1962833,1,-0.266172527,0,2.078571429
ASHN,4,-3.09,0.971,-3.1822863,1,1.419638291,0,-0.407142857
AXUO,4,245.905,237.606,1.0349276,1,2.018929983,1,1.821428571
BBDS,4,-5.705,2.653,-2.1503959,1,-2.134056136,0.75,-2.464285714
BCCY,4,2.816,4.098,0.68716449,1,0.471448408,1,0.538888889
BCLX,4,0.032,0.026,1.2307693,1,0.183296242,0.25,1.471428571
BERH,4,-8.561,1.71,-5.0064325,1,0.610369759,0,-0.292857143
BJMG,4,20.596,85.831,0.23995993,1,0.960314906,0.25,-1.126984127
BMGE,4,0.337,7.397,0.045559011,1,-1.375086905,0,-1.185714286
BMVK,4,2.128,1.935,1.0997416,1,-2.433701982,0.75,1.378571429
BUKS,4,7.545,15.912,0.47417045,1,-1.684587367,0.75,-1.357142857
BYCV,4,-44.567,43.859,-1.0161426,1,-0.875318835,1,-2.475396825
CBIP,4,0.884,3.923,0.22533776,1,0.16090099,1,0.542857143
CBYS,4,-0.267,1.902,-0.14037855,1,-0.476149367,0.75,-0.913492063
CCPO,4,-9.346,2.912,-3.2094781,1,-0.298422395,1,1.160714286
CGHP,4,-2.046,1.236,-1.6553398,1,2.018929983,1,1.817857143
CIIE,4,0.023,0.0072,3.1944444,1,-0.565818373,1,-1.8
CKPF,4,30.49,19.996,1.5248049,1,0.958675842,1,-0.092857143
CMMG,4,-5.419,0.527,-10.282732,1,-0.63746597,0,-3.207142857
CNYO,4,-0.098,0.016,-6.125,1,-0.62597229,0,-0.621428571
COQM,4,-3.347,1.148,-2.9155052,1,-1.075441059,1,2.75
CUSM,4,11.337,12.183,0.93055898,1,-1.235118598,0.75,1.3
CVZM,4,-0.558,4.981,-0.1120257,1,-1.684587367,1,-0.692857143
CXHI,4,-0.346,6.562,-0.052727826,1,1.419638291,1,-1.717857143
DBVU,4,2.249,0.345,6.5188408,1,1.408144611,1,0.214285714
DCJM,4,-1.376,20.083,-0.068515658,1,1.269815368,1,0.171428571
DEXO,4,-5.93,1.55,-3.8258064,1,-1.225263982,0,-0.971428571
DQAG,4,-5.508,2.015,-2.7334988,1,-2.433701982,1,0.485714286
DVAE,4,-0.246,4.854,-0.050679851,1,1.569461214,0.25,-2.014285714
EJWM,4,2.923,2.173,1.345145,1,0.670523676,1,2.078571429
EONY,4,-5.372,3.272,-1.6418093,1,0.610369759,1,1.192857143
EVGS,4,-2.098,3.171,-0.66162091,1,0.199706611,1,-0.203571429
EZBJ,4,-12.531,7.409,-1.6913214,1,0.632765011,0,-0.671428571
EZRL,4,21.219,13.953,1.5207483,1,-2.295372739,1,0.978571429
FFHG,4,-1.743,4.427,-0.39372036,1,2.018929983,1,-0.692857143
FFKM,4,-2.563,4.809,-0.53295904,1,0.033473319,0.75,-0.492857143
FHEW,4,-43.405,0.47,-92.351067,1,2.018929983,0,-0.878571429
FNTW,4,-0.345,9.631,-0.035821825,1,2.018929983,1,-2.735714286
FRXI,4,1.255,3.14,0.39968154,1,-0.326326444,1,-1.01984127
FTRF,4,18.707,2.484,7.5309982,1,1.108498765,0,1.028571429
GIPP,4,5.076,6.01,0.84459233,1,-0.62597229,1,0.317460317
GRFN,4,3.785,4.164,0.90898174,1,1.707790457,1,2.457142857
GTPQ,4,2.116,2.233,0.94760412,1,1.569461214,0,1.55
GXEN,4,20.091,17.941,1.1198373,1,-0.775795213,1,-0.921428571
GZFF,4,10.275,14.749,0.69665742,1,1.569461214,1,-0.65
HEGK,4,-1.193,5.174,-0.23057596,1,-0.62597229,0.75,-0.035714286
HEVE,4,0.569,8.821,0.06450516,1,-1.84590397,0,0.971428571
HKIO,4,0.304,7.016,0.043329533,1,0.183296242,0,0.642857143
HMEP,4,2.121,9.364,0.22650577,1,-1.375086905,1,-0.75
HVXK,4,117.898,107.333,1.0984319,1,1.569461214,1,0.514285714
IIVX,4,0.16,3.923,0.040785115,1,-0.288567779,1,0.514285714
IMLY,4,0.516,6.51,0.079262674,1,1.269815368,0,1.296428571
IWSS,4,1.555,9.887,0.15727723,1,-0.925618136,0,-2.242857143
JAAQ,4,-71.21,370.8,-0.19204423,1,-0.925618136,1,-4.828571429
JARZ,4,-2897.169,2703.421,-1.0716677,1,-0.775795213,0,-0.749206349
JFYE,4,34.724,23.376,1.4854552,1,0.299230233,0.25,-1.828571429
JGAO,4,0.007,3.353,0.002087683,1,1.719284137,1,1.617857143
JGKG,4,-6.685,0.995,-6.7185931,1,-0.937111816,1,0.471428571
JPCI,4,-0.602,10.142,-0.059357129,1,-0.937111816,1,0.878571429
JVQU,4,6.27,2.434,2.5760067,1,0.820346599,1,-4.834126984
JYUR,4,0.677,3.349,0.2021499,1,-1.84590397,0.75,-2.335714286
KHSV,4,-3.707,0.394,-9.4086294,1,-1.984233213,1,-1.535714286
KJCY,4,-33.366,34.548,-0.96578676,1,-0.425850066,0.5,0.557142857
KJMR,4,4.958,4.918,1.0081334,1,1.719284137,1,-2.128571429
KJNQ,4,3.507,16.84,0.20825416,1,-1.236757662,1,-1.678571429
KSUJ,4,0.694,0.711,0.97609001,1,-0.775795213,1,2.064285714
KWUT,4,14.535,17.056,0.85219276,1,-0.277666207,0.75,3.242857143
KZPU,4,31.531,14.008,2.2509279,1,0.310723913,0,0.335714286
LBOM,4,-0.152,2.915,-0.052144084,1,0.033473319,0,-0.9
LHIK,4,1.941,8.396,0.23118152,1,-0.775795213,1,-3.471428571
LKWD,4,-1.451,3.971,-0.36539915,1,1.569461214,1,1.692857143
LQUT,4,22.339,20.863,1.0707473,1,0.970169522,0.75,-1.162698413
LTMC,4,12.862,15.522,0.82863033,1,-1.075441059,0,-0.25
LXOK,4,-0.0012,0.00033,-3.6363637,1,-0.725495912,1,0.057142857
LYOD,4,13.576,6.858,1.9795859,1,2.018929983,1,-2.242857143
LZHZ,4,-0.381,1.4,-0.27214286,1,-1.674732751,1,-1.807142857
LZWO,4,-3.35,1.345,-2.4907062,1,1.108498765,1,-1.755555556
MFWS,4,-0.286,4.605,-0.062106404,1,1.269815368,1,1.25
MLNS,4,9.459,6.923,1.3663151,1,-0.575672989,0,-0.642857143
MOUZ,4,4.766,2.843,1.6763982,1,1.719284137,0,0.564285714
MRYE,4,5.925,6.199,0.95579934,1,1.719284137,1,1.421428571
MSBZ,4,-3.777,3.168,-1.1922349,1,1.119992445,0.25,-0.605555556
NCBZ,4,1.845,0.747,2.4698796,1,1.569461214,0,-0.321428571
NCPN,4,-4.887,1.615,-3.0260062,1,-2.1356952,0.75,2.514285714
NDCU,4,-3.694,14.523,-0.25435516,1,-1.824555674,0,-0.134920635
NEJA,4,-1.125,110.635,-0.010168572,1,-1.474610527,1,-1.3
NHZL,4,0.186,1.768,0.10520362,1,-0.775795213,1,-1.957142857
NOLD,4,199.921,183.619,1.0887817,1,1.419638291,0,0.278571429
NPJH,4,-5.445,1.264,-4.3077531,1,-0.937111816,0.75,-2.614285714
NRJN,4,3.597,7.463,0.48197776,1,0.471448408,0,1.981746032
NSPO,4,2.12,1.229,1.7249796,1,-1.524909828,1,-2.634920635
NUYK,4,0.093,0.002739,33.953999,1,-0.937111816,1,0.472222222
OATA,4,52.904,261.273,0.20248552,1,-1.995726893,1,-2.285714286
OCTX,4,2.268,11.504,0.19714881,1,-0.62597229,0,-1.860714286
ORMQ,4,2.026,6.746,0.30032611,1,-1.375086905,1,-3.828571429
OSIC,4,0.126,0.652,0.19325154,1,0.598876079,1,-0.457142857
OWMB,4,870.235,1243.121,0.70004046,1,0.610369759,0,1.478571429
OYIG,4,0.359,0.818,0.43887532,1,2.018929983,1,-1.7
PDMO,4,3.655,4.918,0.74318826,1,-0.775795213,0.75,0.242857143
PEJY,4,0.029,5.44,0.005330883,1,1.707790457,1,-0.814285714
PHXZ,4,0.749,0.587,1.2759795,1,0.183296242,1,2.764285714
PKYR,4,-1.954,0.268,-7.2910447,1,2.018929983,1,-2.112698413
PRJG,4,10.483,14.591,0.71845657,1,-0.775795213,1,-1.364285714
PUBS,4,27.383,18.298,1.4965024,1,-1.524909828,0,-0.378571429
PVCC,4,-6275383,6274203,-1.0001881,1,-0.425850066,0,1.817460317
QBYX,4,0.00291225,0.00099653,2.9223907,1,0.183296242,1,1.078571429
QDZZ,4,1.06,0.00020705,5119.5361,1,1.569461214,0,0.115079365
QFYA,4,3.855,29.881,0.12901175,1,1.569461214,0,-0.335714286
QKTL,4,-40.573,31.744,-1.2781312,1,0.910015605,1,-0.703571429
QLBB,4,-0.67,21.192,-0.031615704,1,2.018929983,0.25,0.014285714
QLGC,4,22.361,29.19,0.76605004,1,-1.824555674,0,-2.192857143
QLQL,4,1.291,9.917,0.13018049,1,-2.295372739,0.5,-0.906349206
QLWV,4,7.472,18.305,0.40819448,1,-0.725495912,0.75,-1.075
QTPF,4,3.315,25.037,0.13240404,1,-1.225263982,0,0.507142857
QWAS,4,0.438,0.958,0.45720249,1,2.018929983,0,2.214285714
QXPZ,4,-235,449.3,-0.52303582,1,-0.326326444,1,-3
RDFJ,4,-3.492,1.401,-2.4925053,1,1.569461214,1,-0.514285714
RLPD,4,-226.798,0.266,-852.62408,1,-1.84590397,0.25,-5.407142857
RQFZ,4,3.644,2.993,1.2175075,1,0.333119165,0,1.75
SDJW,4,-3.971,9.757,-0.40698984,1,-1.83441029,1,-2.621428571
SDKG,4,0.047,0.182,0.25824177,1,1.86910706,0.25,1.1
SEPC,4,-0.525,1.688,-0.31101894,1,-2.134056136,0.75,-2.178571429
SYUY,4,-3.299,4.381,-0.7530244,1,-0.787288893,1,-2.3
TBGV,4,2.947,3.441,0.85643709,1,1.719284137,0,-3.314285714
TJQM,4,-7.641,0.143,-53.433567,1,-1.824555674,0.25,-0.935714286
TKJI,4,-56.528,7.126,-7.932641,1,-1.84590397,1,-2.261111111
TOPR,4,302.4,109.5,2.7616439,1,0.011078067,0,0.914285714
TURQ,4,-4.291,2.149,-1.9967427,1,-1.524909828,1,0.9
TWZE,4,5.993,0.698,8.5859594,1,2.018929983,0,-0.985714286
TXCM,4,2.068,13.76,0.1502907,1,-1.174964681,0.5,-1.796825397
TXFR,4,-0.985,0.888,-1.1092342,1,1.707790457,1,1.742857143
TXXS,4,0.574,0.544,1.0551471,1,0.782587934,0,-0.328571429
UFAO,4,4.353,12.367,0.35198513,1,-1.075441059,0.75,-1.384126984
UISV,4,-0.082,0.082,-1,1,-2.733347828,1,-0.35
UQYD,4,-0.428,0.074,-5.7837839,1,1.408144611,0.75,1.257142857
UTKY,4,-0.434,1.955,-0.22199489,1,-1.075441059,1,1.471428571
UXOU,4,-9.741,13.948,-0.6983797,1,1.719284137,0,-0.378571429
VBXC,4,-6.648,6.178,-1.0760764,1,-0.41599545,0.75,-0.1
VFDC,4,0.052,0.036,1.4444444,1,-0.725495912,0,1.607142857
VHSY,4,-481.6,365.4,-1.3180077,1,-1.236757662,1,-2.261111111
VUVW,4,-0.132,0.606,-0.21782178,1,0.632765011,1,3.242857143
WGMQ,4,-0.00103,0.00031,-3.3225806,1,1.719284137,0,-1.564285714
WYBV,4,-0.067,0.885,-0.075706214,1,2.018929983,0.5,3.138888889
XFUD,4,2.343,19.531,0.11996313,1,-2.744841508,0,-3.563492063
XJQN,4,1.087,0.442,2.459276,1,1.86910706,0.75,-0.15
XMDF,4,1.16E-08,2.09E-09,5.5502391,1,-0.127843284,1,-2.207142857
XPUJ,4,18.568,18.534,1.0018345,1,-1.83441029,0.75,-0.728571429
XVDF,4,-1.444,10.359,-0.1393957,1,-0.787288893,1,0.464285714
XYAZ,4,-3.498,1.199,-2.9174311,1,1.719284137,1,2.25
YDEI,4,-0.034,0.005376,-6.3244047,1,0.798998303,1,2.561507937
YHDE,4,15.59,16.335,0.95439243,1,2.018929983,0,0.842857143
YRWI,4,-0.002818,0.149,-0.018912751,1,-0.886812515,0,1.185714286
YTDU,4,27.174,28.777,0.94429576,1,-1.375086905,0,-0.128571429
YTEZ,4,2.759,2.65,1.0411321,1,-1.225263982,1,1.95
ZAAZ,4,1.586,4.09,0.38777506,1,1.569461214,1,3.214285714
ZATN,4,39.633,35.659,1.1114445,1,-0.609561921,1,0.078571429
ZGYM,4,-5.563,0.042,-132.45238,1,-1.536403508,1,-0.121428571
ZKFY,4,-1.21,10.468,-0.11559037,1,1.569461214,1,-3.528571429
ZOHR,4,6.83,28.95,0.23592401,1,1.119992445,1,-1.976984127
ZYIE,4,-3.855,0.833,-4.627851,1,2.018929983,1,-0.071428571
AFES,5,-0.591,1.745,-0.33868194,1,1.569461214,0,2.007142857
AJRC,5,-0.803,2.752,-0.2917878,1,-0.63746597,1,-0.335714286
AMHC,5,0.983,0.785,1.2522293,1,-2.134056136,0.75,0.05
ANXH,5,-2.358,0.112,-21.053572,1,2.018929983,0.25,1.421428571
AOTG,5,0.575,0.017,33.823528,1,-0.266172527,0,1.578571429
ASHN,5,0.199,0.263,0.75665396,1,1.419638291,0,-0.407142857
AXUO,5,-1.51,2.667,-0.56617922,1,2.018929983,1,1.821428571
BBDS,5,0.422,0.652,0.64723927,1,-2.134056136,1,-1.964285714
BCCY,5,-0.532,2.813,-0.18912193,1,0.471448408,1,1.038888889
BCLX,5,3.281E-08,1.441E-08,2.276891,1,0.183296242,0.25,0.971428571
BERH,5,0.097,0.219,0.44292238,1,0.610369759,0,0.707142857
BJMG,5,-1.51,2.667,-0.56617922,1,0.960314906,0.5,0.873015873
BMGE,5,-8.822,1.397,-6.3149605,1,-1.375086905,0.75,-2.685714286
BMVK,5,0.081,1.316,0.061550152,1,-2.433701982,1,2.378571429
BUKS,5,-1.425,2.473,-0.57622319,1,-1.684587367,0.75,-1.857142857
BYCV,5,-0.532,2.813,-0.18912193,1,-0.875318835,1,1.024603175
CBIP,5,0.559,0.196,2.8520408,1,0.16090099,1,-1.957142857
CBYS,5,1.593,0.981,1.6238532,1,-0.476149367,1,1.086507937
CCPO,5,0.145,0.137,1.0583942,1,-0.298422395,1,1.160714286
CGHP,5,-0.592,0.621,-0.95330113,1,2.018929983,1,2.567857143
CIIE,5,-0.00068,0.000181,-3.756906,1,-0.565818373,1,-2.3
CKPF,5,0.174,1.814,0.095920615,1,0.958675842,0.75,0.907142857
CMMG,5,0.161,0.061,2.6393442,1,-0.63746597,0,-2.207142857
CNYO,5,0.042,0.014,3,1,-0.62597229,0,0.878571429
COQM,5,0.854,0.101,8.4554453,1,-1.075441059,1,2.25
CUSM,5,-1.51,2.667,-0.56617922,1,-1.235118598,1,-0.7
CVZM,5,-0.553,2.623,-0.21082729,1,-1.684587367,1,-1.692857143
CXHI,5,0.047,0.062,0.75806451,1,1.419638291,1,0.282142857
DBVU,5,-0.149,0.104,-1.4326923,1,1.408144611,1,2.214285714
DCJM,5,-0.621,4.033,-0.15397967,1,1.269815368,1,1.171428571
DEXO,5,0.173,0.261,0.66283524,1,-1.225263982,1,0.528571429
DQAG,5,0.823,0.229,3.5938864,1,-2.433701982,1,0.485714286
DVAE,5,-2.816,4.649,-0.60572165,1,1.569461214,0.25,-2.514285714
EJWM,5,1.311,0.787,1.6658195,1,0.670523676,1,2.578571429
EONY,5,0.056,0.676,0.082840234,1,0.610369759,1,1.692857143
EVGS,5,0.099,0.621,0.1594203,1,0.199706611,1,0.796428571
EZBJ,5,3.614,3.439,1.0508869,1,0.632765011,0,-0.171428571
EZRL,5,0.059,0.486,0.12139918,1,-2.295372739,1,0.978571429
FFHG,5,0.345,1.779,0.19392918,1,2.018929983,1,3.807142857
FFKM,5,0.816,0.52,1.5692308,1,0.033473319,1,1.507142857
FHEW,5,1.524,0.017,89.647057,1,2.018929983,0.25,-0.878571429
FNTW,5,-0.326,2.1,-0.15523809,1,2.018929983,1,-3.235714286
FRXI,5,-1.456,2.451,-0.59404325,1,-0.326326444,1,2.48015873
FTRF,5,-1.257,0.272,-4.6213236,1,1.108498765,0,2.528571429
GIPP,5,0.952,0.745,1.2778523,1,-0.62597229,1,0.317460317
GRFN,5,0.059,0.192,0.30729166,1,1.707790457,1,3.457142857
GTPQ,5,0.067,0.367,0.18256131,1,1.569461214,0,1.55
GXEN,5,1.825,2.089,0.87362373,1,-0.775795213,1,-0.921428571
GZFF,5,-0.445,1.191,-0.37363559,1,1.569461214,1,1.85
HEGK,5,0.102,0.101,1.009901,1,-0.62597229,1,0.964285714
HEVE,5,-0.444,1.191,-0.37279597,1,-1.84590397,0,0.971428571
HKIO,5,0.829,0.975,0.85025638,1,0.183296242,0,1.642857143
HMEP,5,-1.649,2.581,-0.63889962,1,-1.375086905,0.25,0.25
HVXK,5,0.103,1.199,0.085904919,1,1.569461214,1,-0.985714286
IIVX,5,0.173,0.261,0.66283524,1,-0.288567779,1,0.514285714
IMLY,5,-2.215,3.256,-0.68028253,1,1.269815368,0,1.296428571
IWSS,5,7.966,14.122,0.56408441,1,-0.925618136,0,-2.742857143
JAAQ,5,-0.7,9.103,-0.076897725,1,-0.925618136,1,0.171428571
JARZ,5,0.69,2.006,0.34396809,1,-0.775795213,0,-0.249206349
JFYE,5,-0.239,3.353,-0.071279451,1,0.299230233,0.5,-0.328571429
JGAO,5,-0.485,1.209,-0.40115798,1,1.719284137,1,1.117857143
JGKG,5,-0.571,0.291,-1.9621993,1,-0.937111816,1,2.971428571
JPCI,5,-0.691,0.086,-8.0348835,1,-0.937111816,1,3.378571429
JVQU,5,-3.533,0.58,-6.0913792,1,0.820346599,1,3.165873016
JYUR,5,1.271,4.281,0.29689324,1,-1.84590397,1,-0.335714286
KHSV,5,-0.671,0.28,-2.3964286,1,-1.984233213,1,-1.035714286
KJCY,5,-30.792,30.639,-1.0049937,1,-0.425850066,1,1.057142857
KJMR,5,0.003379,0.109,0.030999999,1,1.719284137,1,-1.128571429
KJNQ,5,1.514,1.776,0.85247749,1,-1.236757662,1,0.821428571
KSUJ,5,-0.805,0.334,-2.4101796,1,-0.775795213,1,2.064285714
KWUT,5,-0.532,2.813,-0.18912193,1,-0.277666207,1,2.242857143
KZPU,5,-1.142,1.011,-1.1295747,1,0.310723913,0,3.335714286
LBOM,5,-1.303,2.424,-0.53754127,1,0.033473319,0,0.6
LHIK,5,0.014,1.049,0.013346043,1,-0.775795213,0,-2.471428571
LKWD,5,-1.583,2.592,-0.61072528,1,1.569461214,1,1.692857143
LQUT,5,-0.305,1.172,-0.26023892,1,0.970169522,1,-1.162698413
LTMC,5,-0.377,0.806,-0.46774194,1,-1.075441059,1,0.75
LXOK,5,-0.079,0.18,-0.43888888,1,-0.725495912,1,0.057142857
LYOD,5,-1.136,0.724,-1.5690608,1,2.018929983,1,-0.742857143
LZHZ,5,0.289,0.966,0.29917184,1,-1.674732751,1,-1.307142857
LZWO,5,0.144,0.2,0.72000003,1,1.108498765,1,1.744444444
MFWS,5,0.063,1.414,0.044554457,1,1.269815368,1,1.25
MLNS,5,1.018,1.002,1.0159681,1,-0.575672989,0,-1.142857143
MOUZ,5,0.294,0.311,0.94533759,1,1.719284137,0,0.564285714
MRYE,5,-2.343,2.337,-1.0025674,1,1.719284137,1,0.421428571
MSBZ,5,-2.14,0.479,-4.4676409,1,1.119992445,0.25,1.894444444
NCBZ,5,0.41,0.508,0.80708659,1,1.569461214,1,0.178571429
NCPN,5,-1.007,0.71,-1.4183098,1,-2.1356952,1,1.014285714
NDCU,5,-0.599,1.405,-0.42633453,1,-1.824555674,1,0.365079365
NEJA,5,24.366,88.547,0.2751759,1,-1.474610527,1,-1.3
NHZL,5,-0.777,0.273,-2.8461537,1,-0.775795213,1,-1.457142857
NOLD,5,-0.572,2.605,-0.21957773,1,1.419638291,1,0.778571429
NPJH,5,1.071,0.841,1.273484,1,-0.937111816,1,0.885714286
NRJN,5,-0.444,1.191,-0.37279597,1,0.471448408,0,0.481746032
NSPO,5,1.376,2.449,0.56186199,1,-1.524909828,1,-1.634920635
NUYK,5,-0.442,0.005394,-81.942902,1,-0.937111816,1,0.472222222
OATA,5,0.897,0.597,1.5025126,1,-1.995726893,1,-2.285714286
OCTX,5,-1.426,2.515,-0.566998,1,-0.62597229,0,-0.860714286
ORMQ,5,-2.17,3.139,-0.69130296,1,-1.375086905,1,0.171428571
OSIC,5,0.2,0.287,0.69686413,1,0.598876079,1,0.542857143
OWMB,5,-0.434,5.587,-0.077680327,1,0.610369759,0,1.478571429
OYIG,5,0.774,0.148,5.2297297,1,2.018929983,0.75,0.3
PDMO,5,-0.298,1.363,-0.21863537,1,-0.775795213,1,-0.757142857
PEJY,5,-1.51,2.667,-0.56617922,1,1.707790457,1,1.685714286
PHXZ,5,0.1429,0.138,1.0355072,1,0.183296242,0.75,2.764285714
PKYR,5,0.131,0.137,0.95620435,1,2.018929983,1,-0.112698413
PRJG,5,-1.51,2.83,-0.53356892,1,-0.775795213,0.75,-0.364285714
PUBS,5,1.194,1.321,0.90386069,1,-1.524909828,1,0.621428571
PVCC,5,0.349,0.34,1.0264705,1,-0.425850066,0,-0.182539683
QBYX,5,-1.219,1.073,-1.1360672,1,0.183296242,1,0.578571429
QDZZ,5,-1.934,0.00306221,-631.57001,1,1.569461214,0,1.615079365
QFYA,5,0.104,3.174,0.032766227,1,1.569461214,0,-0.335714286
QKTL,5,-1.526,2.363,-0.64578927,1,0.910015605,1,0.796428571
QLBB,5,-1.8,2.625,-0.6857143,1,2.018929983,1,-0.485714286
QLGC,5,-0.532,2.813,-0.18912193,1,-1.824555674,0,-2.192857143
QLQL,5,2.048,4.648,0.44061962,1,-2.295372739,0.5,1.593650794
QLWV,5,0.444,1.191,0.37279597,1,-0.725495912,1,0.425
QTPF,5,0.022,3.164,0.006953224,1,-1.225263982,0,0.507142857
QWAS,5,0.144,0.114,1.2631578,1,2.018929983,0,2.214285714
QXPZ,5,69.48,210.4,0.33022815,1,-0.326326444,0,-2.5
RDFJ,5,0.022,1.198,0.01836394,1,1.569461214,1,-0.514285714
RLPD,5,-143.799,0.347,-414.40634,1,-1.84590397,0.25,-4.907142857
RQFZ,5,0.107,0.217,0.49308756,1,0.333119165,0,0.25
SDJW,5,0.103,1.199,0.085904919,1,-1.83441029,1,1.378571429
SDKG,5,1.7,0.332,5.120482,1,1.86910706,0.25,1.6
SEPC,5,-0.929,3.131,-0.29671031,1,-2.134056136,0.75,-2.178571429
SYUY,5,-0.645,2.739,-0.2354874,1,-0.787288893,1,0.2
TBGV,5,-0.371,1.734,-0.21395618,1,1.719284137,0,0.685714286
TJQM,5,0.163,0.051,3.1960785,1,-1.824555674,0.25,0.064285714
TKJI,5,-0.23,0.784,-0.29336736,1,-1.84590397,1,-0.761111111
TOPR,5,-0.002,0.516,-0.003875969,1,0.011078067,0,0.414285714
TURQ,5,-0.453,0.764,-0.59293193,1,-1.524909828,1,0.4
TWZE,5,0.209,0.048,4.3541665,1,2.018929983,0,-0.985714286
TXCM,5,-0.531,2.636,-0.20144157,1,-1.174964681,0.75,0.703174603
TXFR,5,0.027,0.086,0.31395349,1,1.707790457,1,1.742857143
TXXS,5,0.173,0.187,0.92513371,1,0.782587934,0,0.671428571
UFAO,5,-0.56,2.627,-0.21317092,1,-1.075441059,1,-0.384126984
UISV,5,-0.189,0.033,-5.7272725,1,-2.733347828,1,0.15
UQYD,5,0.056,0.088,0.63636363,1,1.408144611,0.75,2.757142857
UTKY,5,0.054,1.182,0.04568528,1,-1.075441059,1,1.971428571
UXOU,5,-452.923,463.736,-0.97668284,1,1.719284137,0,0.121428571
VBXC,5,-0.08,1.174,-0.0681431,1,-0.41599545,0.5,1.4
VFDC,5,0.212,0.188,1.1276596,1,-0.725495912,0,1.107142857
VHSY,5,-0.56,2.477,-0.22607994,1,-1.236757662,0,1.238888889
VUVW,5,0.208,0.217,0.95852536,1,0.632765011,1,3.242857143
WGMQ,5,0.14,0.112,1.25,1,1.719284137,0,1.435714286
WYBV,5,0.882,0.251,3.5139441,1,2.018929983,0.75,3.138888889
XFUD,5,-2.443,2.133,-1.1453352,1,-2.744841508,0,-2.063492063
XJQN,5,0.798,0.044,18.136364,1,1.86910706,1,1.85
XMDF,5,-0.019,0.00167,-11.377246,1,-0.127843284,1,-0.207142857
XPUJ,5,0.026,1.802,0.014428413,1,-1.83441029,0,-1.228571429
XVDF,5,0.028,1.28,0.021875,1,-0.787288893,1,-1.035714286
XYAZ,5,-0.109,0.317,-0.34384859,1,1.719284137,1,2.25
YDEI,5,-0.191,0.031,-6.1612902,1,0.798998303,1,2.561507937
YHDE,5,0.082,1.225,0.066938773,1,2.018929983,0,0.342857143
YRWI,5,0.288,0.01,28.799999,1,-0.886812515,0,0.685714286
YTDU,5,-0.532,2.813,-0.18912193,1,-1.375086905,1,1.371428571
YTEZ,5,-0.479,1.066,-0.44934335,1,-1.225263982,1,1.45
ZAAZ,5,-0.261,1.92,-0.1359375,1,1.569461214,1,3.214285714
ZATN,5,-0.257,1.118,-0.22987477,1,-0.609561921,1,-0.421428571
ZGYM,5,0.215,0.003143,68.405983,1,-1.536403508,1,0.378571429
ZKFY,5,-0.62,0.907,-0.68357223,1,1.569461214,1,-0.028571429
ZOHR,5,0.406,0.618,0.65695792,1,1.119992445,1,2.023015873
ZYIE,5,-2.336,0.484,-4.8264461,1,2.018929983,1,-0.571428571
AFES,6,26.145,31.167,0.83886802,1,1.569461214,0,1.507142857
AJRC,6,0.954,4.497,0.21214142,1,-0.63746597,1,0.164285714
AMHC,6,-755.163,716.905,-1.0533655,1,-2.134056136,0.75,-0.95
ANXH,6,-0.07,0.028,-2.5,1,2.018929983,0.25,-0.578571429
AOTG,6,-414.43,1149.271,-0.3606025,1,-0.266172527,0,2.578571429
ASHN,6,29.879,24.577,1.2157302,1,1.419638291,0,-0.907142857
AXUO,6,39.036,50.147,0.77843142,1,2.018929983,1,1.821428571
BBDS,6,-141.311,46.263,-3.0545144,1,-2.134056136,0.75,-3.464285714
BCCY,6,-53.847,44.332,-1.2146305,1,0.471448408,1,0.038888889
BCLX,6,-0.001194,0.000254,-4.7007875,1,0.183296242,1,1.971428571
BERH,6,1.742,3.487,0.49956983,1,0.610369759,0,1.707142857
BJMG,6,-15.35,58.125,-0.26408601,1,0.960314906,0,-0.626984127
BMGE,6,59.802,76.388,0.78287166,1,-1.375086905,0,-2.185714286
BMVK,6,0.624,0.455,1.3714286,1,-2.433701982,1,-1.621428571
BUKS,6,-97,59.963,-1.6176642,1,-1.684587367,1,-3.357142857
BYCV,6,5.775,9.473,0.60962737,1,-0.875318835,1,-2.975396825
CBIP,6,-0.00203,0.00156,-1.301282,1,0.16090099,1,-1.957142857
CBYS,6,-4.536,54.698,-0.082928076,1,-0.476149367,0.5,-0.413492063
CCPO,6,-2.332,3.07,-0.7596091,1,-0.298422395,1,1.910714286
CGHP,6,3.177,1.053,3.0170941,1,2.018929983,1,2.567857143
CIIE,6,0.00016,0.0000332,4.8192773,1,-0.565818373,1,-2.3
CKPF,6,-137.965,99.626,-1.3848293,1,0.958675842,1,-1.092857143
CMMG,6,-1.418,3.684,-0.38490772,1,-0.63746597,0,-1.207142857
CNYO,6,-0.179,0.039,-4.5897436,1,-0.62597229,0,-3.121428571
COQM,6,-0.0001296,0.00005272,-2.4582701,1,-1.075441059,1,-3.75
CUSM,6,113.864,120.778,0.94275445,1,-1.235118598,0,0.3
CVZM,6,146.888,224.487,0.65432739,1,-1.684587367,0.75,-1.192857143
CXHI,6,283.671,412.637,0.68745893,1,1.419638291,1,-2.717857143
DBVU,6,-0.015,0.024,-0.625,1,1.408144611,1,-0.785714286
DCJM,6,6.896,51.6,0.1336434,1,1.269815368,0,0.671428571
DEXO,6,-3.932,3.991,-0.98521674,1,-1.225263982,0,0.528571429
DQAG,6,-1.614,1.875,-0.86080003,1,-2.433701982,1,1.485714286
DVAE,6,909.331,996.77,0.91227764,1,1.569461214,0.5,-3.014285714
EJWM,6,-2.429,2.593,-0.9367528,1,0.670523676,1,1.578571429
EONY,6,292.581,529.858,0.55218756,1,0.610369759,1,0.192857143
EVGS,6,0.057,0.111,0.51351351,1,0.199706611,1,-0.203571429
EZBJ,6,-0.511,7.054,-0.072441168,1,0.632765011,0,-2.171428571
EZRL,6,-10.685,14.802,-0.7218619,1,-2.295372739,0.75,0.478571429
FFHG,6,0.832,8.593,0.096822992,1,2.018929983,1,-1.692857143
FFKM,6,492.373,539.537,0.9125843,1,0.033473319,0.75,1.007142857
FHEW,6,43.858,0.436,100.59174,1,2.018929983,0.5,-0.878571429
FNTW,6,-112.037,79.04,-1.4174721,1,2.018929983,0.75,-4.235714286
FRXI,6,0.048,0.458,0.1048035,1,-0.326326444,1,-3.01984127
FTRF,6,1.379,1.888,0.73040253,1,1.108498765,0,2.528571429
GIPP,6,3.77,25.703,0.14667548,1,-0.62597229,0.75,-0.682539683
GRFN,6,-2.256,5.416,-0.41654357,1,1.707790457,1,2.957142857
GTPQ,6,4.767,10.269,0.46421269,1,1.569461214,0,0.05
GXEN,6,-266.058,176.597,-1.5065827,1,-0.775795213,1,-2.421428571
GZFF,6,2.481,9.901,0.25058076,1,1.569461214,1,0.85
HEGK,6,0.18,0.326,0.55214721,1,-0.62597229,1,-1.035714286
HEVE,6,23.031,61.654,0.37355241,1,-1.84590397,0,-0.528571429
HKIO,6,1119.02,1179.02,0.94911027,1,0.183296242,0,-1.857142857
HMEP,6,298.889,243.573,1.2271024,1,-1.375086905,0.25,-0.25
HVXK,6,-49.077,63.568,-0.77203941,1,1.569461214,1,1.014285714
IIVX,6,-7.46,6.487,-1.1499923,1,-0.288567779,1,0.514285714
IMLY,6,63.108,41.707,1.5131273,1,1.269815368,0,1.796428571
IWSS,6,1.134,10.227,0.11088296,1,-0.925618136,0,-4.242857143
JAAQ,6,-14.26,236.1,-0.060398135,1,-0.925618136,0.75,-0.828571429
JARZ,6,102.995,151.879,0.67813849,1,-0.775795213,0,-1.249206349
JFYE,6,-8254.497,4836.227,-1.7068051,1,0.299230233,0.5,0.671428571
JGAO,6,-287.037,211.635,-1.3562832,1,1.719284137,1,1.117857143
JGKG,6,-0.025,0.741,-0.033738192,1,-0.937111816,1,0.971428571
JPCI,6,34.589,57.551,0.60101473,1,-0.937111816,1,3.378571429
JVQU,6,-31.327,7.156,-4.3777251,1,0.820346599,0.75,-1.834126984
JYUR,6,7.306,6.325,1.1550988,1,-1.84590397,1,-3.335714286
KHSV,6,-0.97,3.394,-0.28579846,1,-1.984233213,1,-0.535714286
KJCY,6,-45.122,40.667,-1.1095483,1,-0.425850066,0.75,1.057142857
KJMR,6,5.105,11.916,0.42841557,1,1.719284137,1,-1.128571429
KJNQ,6,3.688,3.187,1.1572012,1,-1.236757662,1,-2.178571429
KSUJ,6,3.985,3.445,1.1567489,1,-0.775795213,1,0.064285714
KWUT,6,-39.165,85.607,-0.45749763,1,-0.277666207,1,-0.257142857
KZPU,6,-37.787,200.33,-0.18862377,1,0.310723913,0,1.335714286
LBOM,6,-42.934,71.216,-0.60287017,1,0.033473319,0,0.6
LHIK,6,-286.812,233.932,-1.2260486,1,-0.775795213,0.75,-3.471428571
LKWD,6,4.583,8.79,0.52138793,1,1.569461214,1,1.692857143
LQUT,6,-30.676,125.566,-0.2443018,1,0.970169522,0.25,-0.162698413
LTMC,6,-0.00365,0.122,-0.029918034,1,-1.075441059,1,0.25
LXOK,6,13.602,11.203,1.2141391,1,-0.725495912,0.75,0.057142857
LYOD,6,2.257,3.423,0.65936315,1,2.018929983,1,-0.742857143
LZHZ,6,0.000299,0.000229,1.3056768,1,-1.674732751,0,-1.307142857
LZWO,6,-14.673,8.997,-1.630877,1,1.108498765,1,1.744444444
MFWS,6,9.455,8.87,1.0659527,1,1.269815368,1,-2.25
MLNS,6,48.782,32.547,1.4988171,1,-0.575672989,0,-0.642857143
MOUZ,6,-67.052,144.568,-0.46380943,1,1.719284137,0,1.064285714
MRYE,6,-0.029,0.249,-0.11646587,1,1.719284137,1,0.921428571
MSBZ,6,0.114,0.282,0.40425533,1,1.119992445,0.25,-0.605555556
NCBZ,6,0.005,0.015,0.33333334,1,1.569461214,0.5,-0.821428571
NCPN,6,0.45,13.198,0.034096073,1,-2.1356952,1,1.014285714
NDCU,6,-0.215,0.307,-0.70032573,1,-1.824555674,1,0.865079365
NEJA,6,-0.958,3.981,-0.24064305,1,-1.474610527,1,-1.3
NHZL,6,0.224,1.639,0.1366687,1,-0.775795213,1,-0.957142857
NOLD,6,104.776,199.321,0.52566463,1,1.419638291,0.75,0.278571429
NPJH,6,-0.242,0.351,-0.68945867,1,-0.937111816,1,-3.114285714
NRJN,6,-484.044,403.198,-1.2005119,1,0.471448408,0,0.481746032
NSPO,6,273.9,148.1,1.849426,1,-1.524909828,1,-3.634920635
NUYK,6,-0.034,0.000887,-38.331455,1,-0.937111816,1,0.472222222
OATA,6,1.347,4.363,0.30873251,1,-1.995726893,1,-3.785714286
OCTX,6,1.488,7.989,0.1862561,1,-0.62597229,0,1.139285714
ORMQ,6,-15.19,63.796,-0.2381027,1,-1.375086905,1,0.671428571
OSIC,6,3.406,4.51,0.75521064,1,0.598876079,1,0.542857143
OWMB,6,-3024.931,1837.154,-1.646531,1,0.610369759,0,-0.021428571
OYIG,6,0.097,2.193,0.044231646,1,2.018929983,1,-1.2
PDMO,6,-206.542,134.681,-1.5335644,1,-0.775795213,0.75,-0.757142857
PEJY,6,26.993,23.484,1.1494209,1,1.707790457,1,1.685714286
PHXZ,6,0.055,0.056,0.98214287,1,0.183296242,1,3.264285714
PKYR,6,2.072,0.421,4.9216151,1,2.018929983,1,-1.612698413
PRJG,6,-1056.28,668.993,-1.5789104,1,-0.775795213,0.75,0.135714286
PUBS,6,-252.656,105.33,-2.3987088,1,-1.524909828,1,-0.378571429
PVCC,6,-70.866,45.321,-1.563646,1,-0.425850066,0,-1.682539683
QBYX,6,0.0000762,0.00024599,0.30976868,1,0.183296242,1,0.578571429
QDZZ,6,486.487,776.887,0.62620044,1,1.569461214,0,1.115079365
QFYA,6,-40.231,236.019,-0.17045662,1,1.569461214,0,1.164285714
QKTL,6,-56.44,44.305,-1.2738968,1,0.910015605,1,1.296428571
QLBB,6,-0.73,42.092,-0.017342962,1,2.018929983,0.25,-0.485714286
QLGC,6,-103.149,95.506,-1.0800264,1,-1.824555674,0,-0.692857143
QLQL,6,174.72,185.26,0.94310701,1,-2.295372739,0.25,-1.906349206
QLWV,6,15.367,13.71,1.1208607,1,-0.725495912,0.75,-0.075
QTPF,6,-56.258,174.066,-0.32319924,1,-1.225263982,0,-0.492857143
QWAS,6,0.0000009,0.0000013,0.69230771,1,2.018929983,0,2.714285714
QXPZ,6,879.9,3851,0.22848611,1,-0.326326444,1,-3
RDFJ,6,-47.823,32.413,-1.4754266,1,1.569461214,1,-2.014285714
RLPD,6,-297.528,1.552,-191.70619,1,-1.84590397,0.25,-5.407142857
RQFZ,6,0.048,0.032,1.5,1,0.333119165,0,2.25
SDJW,6,1.024,9.377,0.10920337,1,-1.83441029,1,1.378571429
SDKG,6,0.006,0.022,0.27272728,1,1.86910706,0.25,1.1
SEPC,6,-25.68,39.424,-0.65137988,1,-2.134056136,0.5,-1.178571429
SYUY,6,0.047,7.039,0.006677085,1,-0.787288893,1,1.7
TBGV,6,-112.076,79.044,-1.4178939,1,1.719284137,0,-2.314285714
TJQM,6,-0.001243,0.000558,-2.2275987,1,-1.824555674,0.25,1.064285714
TKJI,6,-70.948,7.072,-10.03224,1,-1.84590397,1,0.238888889
TOPR,6,-360.7,174.1,-2.0717978,1,0.011078067,0,-0.085714286
TURQ,6,0.034,0.558,0.060931899,1,-1.524909828,0.75,1.9
TWZE,6,1.652,3.863,0.42764691,1,2.018929983,0,-2.485714286
TXCM,6,-158.245,166.103,-0.95269203,1,-1.174964681,0.25,-1.796825397
TXFR,6,0.516,1.045,0.4937799,1,1.707790457,1,1.742857143
TXXS,6,-0.0023,0.0065,-0.35384616,1,0.782587934,0,3.171428571
UFAO,6,64.13,48.77,1.3149477,1,-1.075441059,1,-0.384126984
UISV,6,-0.000015,0.000243,-0.061728396,1,-2.733347828,1,-0.35
UQYD,6,-0.011,0.067,-0.1641791,1,1.408144611,0.75,3.757142857
UTKY,6,-3.906,16.483,-0.23697142,1,-1.075441059,1,0.471428571
UXOU,6,23.621,23.332,1.0123864,1,1.719284137,0,-1.878571429
VBXC,6,0.075,0.033,2.2727273,1,-0.41599545,0.75,-5.1
VFDC,6,0.012,0.015,0.80000001,1,-0.725495912,0,1.107142857
VHSY,6,-8.296,60.553,-0.13700394,1,-1.236757662,1,-1.761111111
VUVW,6,2.131,3.223,0.6611852,1,0.632765011,1,2.242857143
WGMQ,6,0.04,0.034,1.1764706,1,1.719284137,0,1.435714286
WYBV,6,-0.011,4.156,-0.002646776,1,2.018929983,0.25,3.138888889
XFUD,6,13.911,20.419,0.68127722,1,-2.744841508,0,-4.563492063
XJQN,6,-1.346,2.835,-0.47477955,1,1.86910706,1,1.35
XMDF,6,-0.000000117,0.00000057,-0.20526315,1,-0.127843284,1,0.292857143
XPUJ,6,-324.36,2.049,-158.30161,1,-1.83441029,1,-1.728571429
XVDF,6,0.801,1.479,0.54158217,1,-0.787288893,1,0.464285714
XYAZ,6,0.046,0.037,1.2432432,1,1.719284137,1,1.75
YDEI,6,0.001979,0.015,0.13193333,1,0.798998303,1,2.061507937
YHDE,6,-219.53,167.275,-1.3123897,1,2.018929983,0,0.342857143
YRWI,6,-1.08,0.529,-2.0415878,1,-0.886812515,0,1.185714286
YTDU,6,-119.851,60.04,-1.9961859,1,-1.375086905,1,1.371428571
YTEZ,6,0.022,0.171,0.12865497,1,-1.225263982,1,0.95
ZAAZ,6,0.000146,0.001232,0.11850649,1,1.569461214,1,2.714285714
ZATN,6,-332.9,268.9,-1.2380067,1,-0.609561921,1,-0.421428571
ZGYM,6,-0.001494,0.00179,-0.83463687,1,-1.536403508,1,0.378571429
ZKFY,6,-1899.408,195.926,-9.6945171,1,1.569461214,1,-0.028571429
ZOHR,6,26.187,25.816,1.0143709,1,1.119992445,1,0.523015873
ZYIE,6,-15.717,14.014,-1.1215214,1,2.018929983,1,-0.071428571
AFES,1,-17.274,13.396,-1.2894894,2,1.569461214,,
AJRC,1,-1.657,2.344,-0.70691127,2,-0.63746597,,
AMHC,1,1.912,3.773,0.50675857,2,-2.134056136,,
ANXH,1,-1.192,0.478,-2.4937239,2,2.018929983,,
AOTG,1,-0.01,0.018,-0.55555558,2,-0.266172527,,
ASHN,1,1.338,0.504,2.6547618,2,1.419638291,,
AXUO,1,-0.397,2.707,-0.14665681,2,2.018929983,,
BBDS,1,-4.003,2.511,-1.5941856,2,-2.134056136,,
BCCY,1,-7.528,5.544,-1.3578644,2,0.471448408,,
BCLX,1,-0.03858,0.009067,-4.2549906,2,0.183296242,,
BERH,1,-1.3012,1.2544,-1.0373087,2,0.610369759,,
BJMG,1,0.7,2.51,0.27888447,2,0.960314906,,
BMGE,1,-4.556,12.725,-0.35803536,2,-1.375086905,,
BMVK,1,-8.786,4.487,-1.9581012,2,-2.433701982,,
BUKS,1,0.08,0.35,0.22857143,2,-1.684587367,,
BYCV,1,-291.348,87.66,-3.3236139,2,-0.875318835,,
CBIP,1,-0.32,0.11,-2.909091,2,0.16090099,,
CBYS,1,-13.3883,2.1954,-6.0983419,2,-0.476149367,,
CCPO,1,-5.861,0.777,-7.5431147,2,-0.298422395,,
CGHP,1,-4.224,1.54,-2.7428572,2,2.018929983,,
CIIE,1,-0.001087,0.02,-0.05435,2,-0.565818373,,
CKPF,1,-2.222,1.54,-1.4428571,2,0.958675842,,
CMMG,1,7.319,3.239,2.2596481,2,-0.63746597,,
CNYO,1,-0.354,0.045,-7.8666668,2,-0.62597229,,
COQM,1,1.051,0.241,4.3609958,2,-1.075441059,,
CUSM,1,-4.007,2.017,-1.9866138,2,-1.235118598,,
CVZM,1,3.865,2.177,1.7753789,2,-1.684587367,,
CXHI,1,74491.116,74425.548,1.000881,2,1.419638291,,
DBVU,1,-2.391,0.416,-5.7475963,2,1.408144611,,
DCJM,1,-6.094,33.691,-0.18087916,2,1.269815368,,
DEXO,1,0.147,0.551,0.26678765,2,-1.225263982,,
DQAG,1,0.148,0.105,1.4095238,2,-2.433701982,,
DVAE,1,0.422,1.457,0.28963622,2,1.569461214,,
EJWM,1,-5.91,12.67,-0.4664562,2,0.670523676,,
EONY,1,-5.682,5.563,-1.0213914,2,0.610369759,,
EVGS,1,-0.041,0.32,-0.128125,2,0.199706611,,
EZBJ,1,1.352,2.448,0.55228758,2,0.632765011,,
EZRL,1,-2.144,0.611,-3.5090017,2,-2.295372739,,
FFHG,1,-2.474,5.726,-0.43206427,2,2.018929983,,
FFKM,1,-0.067,2.159,-0.031032886,2,0.033473319,,
FHEW,1,0.857,0.157,5.4585986,2,2.018929983,,
FNTW,1,-27.599,29.492,-0.93581313,2,2.018929983,,
FRXI,1,97.097,47.029,2.0646198,2,-0.326326444,,
FTRF,1,-4.361,0.314,-13.888535,2,1.108498765,,
GIPP,1,-1.924,1.391,-1.3831775,2,-0.62597229,,
GRFN,1,-0.531,0.449,-1.182628,2,1.707790457,,
GTPQ,1,1.975,0.857,2.3045506,2,1.569461214,,
GXEN,1,-5.952,0.894,-6.6577182,2,-0.775795213,,
GZFF,1,-0.955,0.351,-2.7207978,2,1.569461214,,
HEGK,1,0.699,0.415,1.6843374,2,-0.62597229,,
HEVE,1,1.17,1.601,0.73079324,2,-1.84590397,,
HKIO,1,-0.00301,0.451,-0.006674058,2,0.183296242,,
HMEP,1,-0.0447,0.214,-0.2088785,2,-1.375086905,,
HVXK,1,-22.534,26.413,-0.85314047,2,1.569461214,,
IIVX,1,1.195,0.567,2.1075838,2,-0.288567779,,
IMLY,1,-0.43,0.982,-0.43788189,2,1.269815368,,
IWSS,1,10.175,0.54,18.842592,2,-0.925618136,,
JAAQ,1,124.5,35.26,3.5309131,2,-0.925618136,,
JARZ,1,-26.05,6.229,-4.1820517,2,-0.775795213,,
JFYE,1,0.223,0.966,0.23084886,2,0.299230233,,
JGAO,1,-30.505,16.185,-1.8847698,2,1.719284137,,
JGKG,1,-0.841,0.458,-1.8362446,2,-0.937111816,,
JPCI,1,0.195,0.119,1.6386554,2,-0.937111816,,
JVQU,1,-2.101,0.558,-3.765233,2,0.820346599,,
JYUR,1,-0.933,6.41,-0.14555383,2,-1.84590397,,
KHSV,1,-4.101,0.646,-6.3482971,2,-1.984233213,,
KJCY,1,0.709,0.023,30.826086,2,-0.425850066,,
KJMR,1,-6.645,0.811,-8.1935883,2,1.719284137,,
KJNQ,1,-70.527,65.782,-1.0721322,2,-1.236757662,,
KSUJ,1,-0.494,1.808,-0.27323008,2,-0.775795213,,
KWUT,1,-24.277,18.617,-1.3040231,2,-0.277666207,,
KZPU,1,-0.2069,0.0917,-2.2562704,2,0.310723913,,
LBOM,1,-5.23,6.24,-0.83814102,2,0.033473319,,
LHIK,1,-16.445,15.733,-1.0452552,2,-0.775795213,,
LKWD,1,3.189,6.289,0.50707585,2,1.569461214,,
LQUT,1,-20.48,77.64,-0.26378155,2,0.970169522,,
LTMC,1,-1.726,2.236,-0.77191412,2,-1.075441059,,
LXOK,1,0.459,0.227,2.0220265,2,-0.725495912,,
LYOD,1,0.5135,0.2777,1.8491178,2,2.018929983,,
LZHZ,1,-0.463,0.23,-2.0130434,2,-1.674732751,,
LZWO,1,-2.297,1.93,-1.1901554,2,1.108498765,,
MFWS,1,1.825,3.625,0.50344825,2,1.269815368,,
MLNS,1,-11.398,9.264,-1.2303541,2,-0.575672989,,
MOUZ,1,2.965,0.524,5.6583967,2,1.719284137,,
MRYE,1,-2.333,2.172,-1.0741252,2,1.719284137,,
MSBZ,1,-0.362,0.179,-2.0223463,2,1.119992445,,
NCBZ,1,-1.785,1.797,-0.99332219,2,1.569461214,,
NCPN,1,2.017,0.312,6.4647436,2,-2.1356952,,
NDCU,1,-2.219,50.796,-0.043684542,2,-1.824555674,,
NEJA,1,-1.811,2.837,-0.63835037,2,-1.474610527,,
NHZL,1,11.507,2.373,4.8491364,2,-0.775795213,,
NOLD,1,0.000238989,9.56107E-05,2.4996066,2,1.419638291,,
NPJH,1,-3.411,1.637,-2.0836897,2,-0.937111816,,
NRJN,1,-4.258,19.114,-0.22276865,2,0.471448408,,
NSPO,1,0.576,1.537,0.37475601,2,-1.524909828,,
NUYK,1,-2.177,0.006755,-322.27979,2,-0.937111816,,
OATA,1,71.903,48.806,1.473241,2,-1.995726893,,
OCTX,1,-5.674,5.887,-0.96381861,2,-0.62597229,,
ORMQ,1,-1.6928,1.2207,-1.3867453,2,-1.375086905,,
OSIC,1,-6.678,1.8,-3.71,2,0.598876079,,
OWMB,1,135.236,44.652,3.028666,2,0.610369759,,
OYIG,1,-3.245,1.569,-2.0681963,2,2.018929983,,
PDMO,1,-2.118,1.965,-1.0778626,2,-0.775795213,,
PEJY,1,-3.149,11.626,-0.27085841,2,1.707790457,,
PHXZ,1,-2.3811,0.485,-4.9094844,2,0.183296242,,
PKYR,1,1.277,1.051,1.2150333,2,2.018929983,,
PRJG,1,-1.643,0.161,-10.204969,2,-0.775795213,,
PUBS,1,-8.521,4.263,-1.9988271,2,-1.524909828,,
PVCC,1,187.877,59.223,3.1723654,2,-0.425850066,,
QBYX,1,-3.5083,2.4112,-1.4550017,2,0.183296242,,
QDZZ,1,-58.495,0.444,-131.7455,2,1.569461214,,
QFYA,1,-42.5456,50.855,-0.83660603,2,1.569461214,,
QKTL,1,-25.37,27.765,-0.91374034,2,0.910015605,,
QLBB,1,3.48,3.88,0.89690721,2,2.018929983,,
QLGC,1,3.174,0.243,13.061728,2,-1.824555674,,
QLQL,1,-7.634,11.95,-0.63882846,2,-2.295372739,,
QLWV,1,5.709,6.18,0.9237864,2,-0.725495912,,
QTPF,1,16.567,64.995,0.25489652,2,-1.225263982,,
QWAS,1,-9.681,0.22,-44.004547,2,2.018929983,,
QXPZ,1,-9.95,0.49,-20.306122,2,-0.326326444,,
RDFJ,1,-8.615,3.655,-2.3570452,2,1.569461214,,
RLPD,1,0.1895,0.0159,11.918239,2,-1.84590397,,
RQFZ,1,-1.081,0.231,-4.6796536,2,0.333119165,,
SDJW,1,-2.622,14.731,-0.17799199,2,-1.83441029,,
SDKG,1,-1.08,0.137,-7.8832116,2,1.86910706,,
SEPC,1,4.35,1.048,4.1507635,2,-2.134056136,,
SYUY,1,1.59,3.352,0.47434369,2,-0.787288893,,
TBGV,1,-10.091,0.666,-15.151651,2,1.719284137,,
TJQM,1,2.315,1.234,1.8760129,2,-1.824555674,,
TKJI,1,-1.701,2.964,-0.57388663,2,-1.84590397,,
TOPR,1,-6.322,1.318,-4.7966614,2,0.011078067,,
TURQ,1,-1.439,0.63,-2.284127,2,-1.524909828,,
TWZE,1,-11.946,0.521,-22.928982,2,2.018929983,,
TXCM,1,-21.09,12.38,-1.7035542,2,-1.174964681,,
TXFR,1,-0.12,0.109,-1.1009175,2,1.707790457,,
TXXS,1,0.103122,0.045213,2.2808042,2,0.782587934,,
UFAO,1,-171.149,112.246,-1.524767,2,-1.075441059,,
UISV,1,-1.80542,1.68244,-1.0730963,2,-2.733347828,,
UQYD,1,-0.736,0.194,-3.7938144,2,1.408144611,,
UTKY,1,-1.173,9.161,-0.12804279,2,-1.075441059,,
UXOU,1,11.04,18.449,0.59840643,2,1.719284137,,
VBXC,1,1.022,0.464,2.2025862,2,-0.41599545,,
VFDC,1,0.205,0.204,1.004902,2,-0.725495912,,
VHSY,1,-0.2832,0.1314,-2.155251,2,-1.236757662,,
VUVW,1,-2.379,0.514,-4.6284046,2,0.632765011,,
WGMQ,1,-0.00079,0.013,-0.06076923,2,1.719284137,,
WYBV,1,-0.209,0.292,-0.71575344,2,2.018929983,,
XFUD,1,-3.395,4.139,-0.82024646,2,-2.744841508,,
XJQN,1,-8.876,0.155,-57.264515,2,1.86910706,,
XMDF,1,-0.0334,0.000541,-61.737522,2,-0.127843284,,
XPUJ,1,32.016,27.889,1.1479795,2,-1.83441029,,
XVDF,1,-0.478,1.015,-0.47093597,2,-0.787288893,,
XYAZ,1,-0.586,0.401,-1.4613466,2,1.719284137,,
YDEI,1,-0.926,0.266,-3.4812031,2,0.798998303,,
YHDE,1,-1.148,0.445,-2.5797753,2,2.018929983,,
YRWI,1,-2.3,0.131,-17.557251,2,-0.886812515,,
YTDU,1,-88.224,61.95,-1.4241163,2,-1.375086905,,
YTEZ,1,-2.406,1.326,-1.8144796,2,-1.225263982,,
ZAAZ,1,-12.453,5.876,-2.1192989,2,1.569461214,,
ZATN,1,-4.805,5.749,-0.83579755,2,-0.609561921,,
ZGYM,1,-0.275,0.022,-12.5,2,-1.536403508,,
ZKFY,1,15.302,29.883,0.51206374,2,1.569461214,,
ZOHR,1,-1.204,0.472,-2.5508475,2,1.119992445,,
ZYIE,1,-3.024,0.283,-10.685513,2,2.018929983,,
AFES,2,7.737,6.906,1.1203301,2,1.569461214,,
AJRC,2,0.319,0.298,1.0704699,2,-0.63746597,,
AMHC,2,-3.518,17.517,-0.20083347,2,-2.134056136,,
ANXH,2,-1.085,0.146,-7.4315066,2,2.018929983,,
AOTG,2,-3.52,0.762,-4.6194224,2,-0.266172527,,
ASHN,2,-7.381,0.758,-9.7374668,2,1.419638291,,
AXUO,2,-0.689,6.346,-0.10857233,2,2.018929983,,
BBDS,2,-5.393,2.283,-2.3622427,2,-2.134056136,,
BCCY,2,0.192,8.102,0.023697853,2,0.471448408,,
BCLX,2,-0.158,0.016,-9.875,2,0.183296242,,
BERH,2,-13.726,1.3985,-9.8148012,2,0.610369759,,
BJMG,2,17.03,23.89,0.71285057,2,0.960314906,,
BMGE,2,1.7459,5.59274,0.31217256,2,-1.375086905,,
BMVK,2,6.84,4.189,1.6328479,2,-2.433701982,,
BUKS,2,-2.65,6.64,-0.3990964,2,-1.684587367,,
BYCV,2,-6.82,2.013,-3.3879781,2,-0.875318835,,
CBIP,2,6.135,3.729,1.6452132,2,0.16090099,,
CBYS,2,-2.0907,1.6932,-1.2347625,2,-0.476149367,,
CCPO,2,-11.99,2.753,-4.3552489,2,-0.298422395,,
CGHP,2,-4.632,1.17,-3.9589744,2,2.018929983,,
CIIE,2,-0.059,0.000065,-907.69232,2,-0.565818373,,
CKPF,2,-5.617,3.037,-1.8495226,2,0.958675842,,
CMMG,2,-7.115,0.44,-16.170454,2,-0.63746597,,
CNYO,2,-2.743,1.666,-1.6464586,2,-0.62597229,,
COQM,2,-9.374,3.708,-2.5280476,2,-1.075441059,,
CUSM,2,-1.109,3.298,-0.3362644,2,-1.235118598,,
CVZM,2,-0.119,4.706,-0.025286868,2,-1.684587367,,
CXHI,2,-6.898,6.656,-1.0363581,2,1.419638291,,
DBVU,2,2.323,0.344,6.7529068,2,1.408144611,,
DCJM,2,-3.97,18.347,-0.21638414,2,1.269815368,,
DEXO,2,-7.276,1.029,-7.0709429,2,-1.225263982,,
DQAG,2,-13.409,29.017,-0.46210843,2,-2.433701982,,
DVAE,2,1.38,5.49,0.25136611,2,1.569461214,,
EJWM,2,47.81,29.96,1.5957944,2,0.670523676,,
EONY,2,-8.088,3.394,-2.383029,2,0.610369759,,
EVGS,2,-6.245,5.875,-1.0629787,2,0.199706611,,
EZBJ,2,-2.008,4.435,-0.45276213,2,0.632765011,,
EZRL,2,4.687,4.673,1.002996,2,-2.295372739,,
FFHG,2,21.002,74.786,0.28082797,2,2.018929983,,
FFKM,2,-2.366,4.625,-0.51156759,2,0.033473319,,
FHEW,2,-8.157,0.217,-37.589863,2,2.018929983,,
FNTW,2,-1.087,9.914,-0.10964293,2,2.018929983,,
FRXI,2,37.422,42.344,0.88376158,2,-0.326326444,,
FTRF,2,13.24,2.487,5.3236833,2,1.108498765,,
GIPP,2,2.497,1.524,1.6384515,2,-0.62597229,,
GRFN,2,-4.325,4.414,-0.97983688,2,1.707790457,,
GTPQ,2,2.474,3.136,0.78890306,2,1.569461214,,
GXEN,2,6.718,2.597,2.5868309,2,-0.775795213,,
GZFF,2,-5.537,2.946,-1.8794976,2,1.569461214,,
HEGK,2,0.277,0.975,0.28410256,2,-0.62597229,,
HEVE,2,-1.484,4.459,-0.33281004,2,-1.84590397,,
HKIO,2,-6.4704,0.8129,-7.9596505,2,0.183296242,,
HMEP,2,0.014,0.071,0.1971831,2,-1.375086905,,
HVXK,2,484.107,271.721,1.7816327,2,1.569461214,,
IIVX,2,-1.749,4.921,-0.35541555,2,-0.288567779,,
IMLY,2,2.046,9.952,0.20558682,2,1.269815368,,
IWSS,2,-0.000702,0.000044,-15.954545,2,-0.925618136,,
JAAQ,2,0.00001,0.00792,0.001262626,2,-0.925618136,,
JARZ,2,-69.465,29.459,-2.3580229,2,-0.775795213,,
JFYE,2,-5.96,1.19,-5.0084033,2,0.299230233,,
JGAO,2,-3.795,3.861,-0.98290598,2,1.719284137,,
JGKG,2,-6.454,1.707,-3.7809021,2,-0.937111816,,
JPCI,2,7.139,7.036,1.014639,2,-0.937111816,,
JVQU,2,1.537,2.213,0.69453233,2,0.820346599,,
JYUR,2,-0.982,10.55,-0.093080565,2,-1.84590397,,
KHSV,2,-6.901,0.522,-13.220306,2,-1.984233213,,
KJCY,2,-23.402,15.466,-1.5131255,2,-0.425850066,,
KJMR,2,8.601,6.505,1.3222136,2,1.719284137,,
KJNQ,2,-1.93,5.025,-0.38407961,2,-1.236757662,,
KSUJ,2,-1.935,2.014,-0.9607746,2,-0.775795213,,
KWUT,2,7.414,15.905,0.46614271,2,-0.277666207,,
KZPU,2,-4.7312,12.6507,-0.3739872,2,0.310723913,,
LBOM,2,11.08,9.02,1.2283814,2,0.033473319,,
LHIK,2,-5.685,6.539,-0.86939901,2,-0.775795213,,
LKWD,2,-2.384,6.753,-0.3530283,2,1.569461214,,
LQUT,2,22.3,20.84,1.0700576,2,0.970169522,,
LTMC,2,-0.594,5.867,-0.10124425,2,-1.075441059,,
LXOK,2,-0.00065,0.00033,-1.969697,2,-0.725495912,,
LYOD,2,-5.9723,5.3633,-1.1135495,2,2.018929983,,
LZHZ,2,-1.94,2.96,-0.6554054,2,-1.674732751,,
LZWO,2,-6.254,0.832,-7.5168271,2,1.108498765,,
MFWS,2,7.096,8.162,0.86939478,2,1.269815368,,
MLNS,2,10.862,10.02,1.0840319,2,-0.575672989,,
MOUZ,2,2.455,0.495,4.9595962,2,1.719284137,,
MRYE,2,7.232,8.431,0.85778672,2,1.719284137,,
MSBZ,2,-9.042,3.352,-2.697494,2,1.119992445,,
NCBZ,2,3.058,2.241,1.3645694,2,1.569461214,,
NCPN,2,-2.659,0.481,-5.5280666,2,-2.1356952,,
NDCU,2,-3.158,0.279,-11.318996,2,-1.824555674,,
NEJA,2,25.153,50.045,0.50260764,2,-1.474610527,,
NHZL,2,-4.984,5.114,-0.97457957,2,-0.775795213,,
NOLD,2,3.00851E-06,2.92942E-06,1.0270001,2,1.419638291,,
NPJH,2,-0.00125,0.00141,-0.8865248,2,-0.937111816,,
NRJN,2,-1.457,20.637,-0.070601344,2,0.471448408,,
NSPO,2,4.153,5.96,0.69681209,2,-1.524909828,,
NUYK,2,-0.291,0.002071,-140.51183,2,-0.937111816,,
OATA,2,-10.517,15.829,-0.66441339,2,-1.995726893,,
OCTX,2,4.477,5.791,0.7730962,2,-0.62597229,,
ORMQ,2,1.8186,9.2341,0.19694394,2,-1.375086905,,
OSIC,2,-7.947,1.36,-5.8433824,2,0.598876079,,
OWMB,2,688.332,492.588,1.3973787,2,0.610369759,,
OYIG,2,-1.801,0.974,-1.849076,2,2.018929983,,
PDMO,2,4.243,6.229,0.68116874,2,-0.775795213,,
PEJY,2,-3.455,7.06,-0.48937678,2,1.707790457,,
PHXZ,2,-0.8281,0.591,-1.4011844,2,0.183296242,,
PKYR,2,-4.919,1.047,-4.6981854,2,2.018929983,,
PRJG,2,0.202,0.065,3.1076922,2,-0.775795213,,
PUBS,2,22.167,16.273,1.362195,2,-1.524909828,,
PVCC,2,-186074.5,188404.1,-0.98763508,2,-0.425850066,,
QBYX,2,0.002767,0.00091,3.0406594,2,0.183296242,,
QDZZ,2,0.8,0.000146,5479.4521,2,1.569461214,,
QFYA,2,-1.8703,8.3862,-0.22302115,2,1.569461214,,
QKTL,2,-19.434,21.14,-0.9192999,2,0.910015605,,
QLBB,2,-3.3,9.95,-0.3316583,2,2.018929983,,
QLGC,2,-6.378,3.377,-1.8886585,2,-1.824555674,,
QLQL,2,-3.127,6.586,-0.47479501,2,-2.295372739,,
QLWV,2,-335.574,229.24,-1.4638544,2,-0.725495912,,
QTPF,2,-4.513,24.839,-0.18169008,2,-1.225263982,,
QWAS,2,2.278,2.038,1.1177626,2,2.018929983,,
QXPZ,2,-0.98,0.22,-4.4545455,2,-0.326326444,,
RDFJ,2,-6.031,1.52,-3.9677632,2,1.569461214,,
RLPD,2,0.0776,0.0399,1.9448621,2,-1.84590397,,
RQFZ,2,-3.374,0.942,-3.5817411,2,0.333119165,,
SDJW,2,0.474,27.169,0.017446354,2,-1.83441029,,
SDKG,2,0.098,0.142,0.69014084,2,1.86910706,,
SEPC,2,-2.48,0.45,-5.5111113,2,-2.134056136,,
SYUY,2,-4.07,6.884,-0.59122604,2,-0.787288893,,
TBGV,2,13.3,1.571,8.4659452,2,1.719284137,,
TJQM,2,-6.667,0.142,-46.950703,2,-1.824555674,,
TKJI,2,-0.000119,0.0000741,-1.605938,2,-1.84590397,,
TOPR,2,1098,394.8,2.7811551,2,0.011078067,,
TURQ,2,-4.657,1.836,-2.5364923,2,-1.524909828,,
TWZE,2,7.172,1.963,3.6535914,2,2.018929983,,
TXCM,2,3.282,3.366,0.97504455,2,-1.174964681,,
TXFR,2,-1.36,0.43,-3.1627908,2,1.707790457,,
TXXS,2,0.010662,0.00145,7.3531036,2,0.782587934,,
UFAO,2,2.981,14.931,0.19965173,2,-1.075441059,,
UISV,2,-0.00469,0.1796,-0.026113587,2,-2.733347828,,
UQYD,2,-0.318,0.037,-8.594595,2,1.408144611,,
UTKY,2,-3.979,1.886,-2.109756,2,-1.075441059,,
UXOU,2,-90.1,128.187,-0.70287937,2,1.719284137,,
VBXC,2,-7.774,0.189,-41.132275,2,-0.41599545,,
VFDC,2,0.064,0.033,1.939394,2,-0.725495912,,
VHSY,2,-0.0217,0.011,-1.9727273,2,-1.236757662,,
VUVW,2,-0.575,0.918,-0.62636167,2,0.632765011,,
WGMQ,2,-0.00065,0.00021,-3.0952382,2,1.719284137,,
WYBV,2,-2.328,0.48,-4.8499999,2,2.018929983,,
XFUD,2,14.774,31.105,0.47497186,2,-2.744841508,,
XJQN,2,-3.22,0.558,-5.7706094,2,1.86910706,,
XMDF,2,2.19E-08,2.48E-09,8.8306456,2,-0.127843284,,
XPUJ,2,19.911,35.762,0.55676419,2,-1.83441029,,
XVDF,2,0.432,9.965,0.043351732,2,-0.787288893,,
XYAZ,2,-5.498,1.436,-3.8286908,2,1.719284137,,
YDEI,2,-0.0307,0.00348,-8.8218393,2,0.798998303,,
YHDE,2,-2.406,1.968,-1.222561,2,2.018929983,,
YRWI,2,-1.763,0.186,-9.4784946,2,-0.886812515,,
YTDU,2,79.74,63.119,1.263328,2,-1.375086905,,
YTEZ,2,7.116,5.047,1.4099466,2,-1.225263982,,
ZAAZ,2,3.682,6.317,0.58287162,2,1.569461214,,
ZATN,2,113.8,120.3,0.94596839,2,-0.609561921,,
ZGYM,2,-8.865,0.4,-22.1625,2,-1.536403508,,
ZKFY,2,3.989,12.124,0.32901683,2,1.569461214,,
ZOHR,2,65.751,201.474,0.32634979,2,1.119992445,,
ZYIE,2,-6.303,0.366,-17.221312,2,2.018929983,,
AFES,3,-3.126,1.964,-1.5916497,2,1.569461214,,
AJRC,3,-3.764,0.04,-94.099998,2,-0.63746597,,
AMHC,3,-0.109,2.48,-0.043951612,2,-2.134056136,,
ANXH,3,-3.801,0.125,-30.408001,2,2.018929983,,
AOTG,3,-3.734,0.078,-47.871796,2,-0.266172527,,
ASHN,3,-3.962,0.164,-24.158537,2,1.419638291,,
AXUO,3,-2.586,1.481,-1.7461175,2,2.018929983,,
BBDS,3,-1.045,0.801,-1.3046192,2,-2.134056136,,
BCCY,3,-3.438,1.997,-1.7215824,2,0.471448408,,
BCLX,3,-3.771,0.099,-38.090908,2,0.183296242,,
BERH,3,-3.7747,0.2937,-12.85223,2,0.610369759,,
BJMG,3,-3.44,2,-1.72,2,0.960314906,,
BMGE,3,2.048,0.493,4.1541581,2,-1.375086905,,
BMVK,3,-3.341,1.372,-2.4351313,2,-2.433701982,,
BUKS,3,0.018,0.034,0.52941179,2,-1.684587367,,
BYCV,3,-5.342,1.302,-4.1029186,2,-0.875318835,,
CBIP,3,-0.173,0.149,-1.1610738,2,0.16090099,,
CBYS,3,-2.5948,0.9762,-2.658062,2,-0.476149367,,
CCPO,3,-3.72,0.128,-29.0625,2,-0.298422395,,
CGHP,3,-3.792,0.31,-12.232258,2,2.018929983,,
CIIE,3,-0.00532,0.000000738,-7208.6719,2,-0.565818373,,
CKPF,3,-3.44,0.797,-4.3161855,2,0.958675842,,
CMMG,3,-5.98,0.102,-58.627453,2,-0.63746597,,
CNYO,3,-0.901,0.01012,-89.031624,2,-0.62597229,,
COQM,3,-1.312,0.132,-9.939394,2,-1.075441059,,
CUSM,3,-3.377,0.958,-3.5250523,2,-1.235118598,,
CVZM,3,-1.452,1.851,-0.78444082,2,-1.684587367,,
CXHI,3,-3.432,1.995,-1.7203008,2,1.419638291,,
DBVU,3,-3.764,0.095,-39.621052,2,1.408144611,,
DCJM,3,-3.296,3.718,-0.88649809,2,1.269815368,,
DEXO,3,-3.732,0.361,-10.33795,2,-1.225263982,,
DQAG,3,-2.749,0.038,-72.342102,2,-2.433701982,,
DVAE,3,-2.848,1.69,-1.6852071,2,1.569461214,,
EJWM,3,0.29,0.38,0.7631579,2,0.670523676,,
EONY,3,-3.324,2.027,-1.6398618,2,0.610369759,,
EVGS,3,-3.44,0.999,-3.4434435,2,0.199706611,,
EZBJ,3,0.06,0.054,1.1111112,2,0.632765011,,
EZRL,3,-3.574,0.904,-3.9535398,2,-2.295372739,,
FFHG,3,-3.318,2.053,-1.6161715,2,2.018929983,,
FFKM,3,-3.324,1.794,-1.8528428,2,0.033473319,,
FHEW,3,-0.362,0.032,-11.3125,2,2.018929983,,
FNTW,3,-2.524,1.755,-1.4381766,2,2.018929983,,
FRXI,3,-3.288,1.945,-1.6904885,2,-0.326326444,,
FTRF,3,-3.655,0.179,-20.418995,2,1.108498765,,
GIPP,3,-2.773,1.207,-2.2974317,2,-0.62597229,,
GRFN,3,-3.723,0.27,-13.788889,2,1.707790457,,
GTPQ,3,-3.305,0.696,-4.7485633,2,1.569461214,,
GXEN,3,-3.832,0.111,-34.522522,2,-0.775795213,,
GZFF,3,-3.896,0.146,-26.684931,2,1.569461214,,
HEGK,3,-1.311,0.084,-15.607142,2,-0.62597229,,
HEVE,3,-3.437,1.997,-1.7210816,2,-1.84590397,,
HKIO,3,-3.8858,0.2677,-14.515502,2,0.183296242,,
HMEP,3,-1.585,1.332,-1.18994,2,-1.375086905,,
HVXK,3,-3.438,1.997,-1.7215824,2,1.569461214,,
IIVX,3,-3.732,0.361,-10.33795,2,-0.288567779,,
IMLY,3,-3.437,1.934,-1.7771459,2,1.269815368,,
IWSS,3,-7.111,0.11,-64.645454,2,-0.925618136,,
JAAQ,3,-3.324,7.602,-0.43725336,2,-0.925618136,,
JARZ,3,-2.031,20.242,-0.10033593,2,-0.775795213,,
JFYE,3,-2.582,0.151,-17.099339,2,0.299230233,,
JGAO,3,-3.206,2.043,-1.5692608,2,1.719284137,,
JGKG,3,-3.759,0.145,-25.924137,2,-0.937111816,,
JPCI,3,-2.499,0.035,-71.400002,2,-0.937111816,,
JVQU,3,-1.799,0.314,-5.7292995,2,0.820346599,,
JYUR,3,-3.425,1.968,-1.7403455,2,-1.84590397,,
KHSV,3,-3.825,0.171,-22.368422,2,-1.984233213,,
KJCY,3,-4.241,2.197,-1.9303596,2,-0.425850066,,
KJMR,3,-3.588,0.111,-32.324326,2,1.719284137,,
KJNQ,3,0.058,2.973,0.019508913,2,-1.236757662,,
KSUJ,3,-2.817,0.943,-2.9872746,2,-0.775795213,,
KWUT,3,-3.438,1.997,-1.7215824,2,-0.277666207,,
KZPU,3,-4.0577,0.1512,-26.836639,2,0.310723913,,
LBOM,3,-3.31,1.94,-1.7061856,2,0.033473319,,
LHIK,3,-3.934,2.035,-1.9331695,2,-0.775795213,,
LKWD,3,-3.303,2.041,-1.6183244,2,1.569461214,,
LQUT,3,-3.32,1.9,-1.7473685,2,0.970169522,,
LTMC,3,-2.974,0.965,-3.0818653,2,-1.075441059,,
LXOK,3,-1.308,0.113,-11.575221,2,-0.725495912,,
LYOD,3,-3.7611,0.3324,-11.314982,2,2.018929983,,
LZHZ,3,-3.752,0.308,-12.181818,2,-1.674732751,,
LZWO,3,-2.594,0.498,-5.2088351,2,1.108498765,,
MFWS,3,-3.198,2.038,-1.5691855,2,1.269815368,,
MLNS,3,-2.22,1.58,-1.4050633,2,-0.575672989,,
MOUZ,3,-2.002,0.369,-5.4254742,2,1.719284137,,
MRYE,3,-3.279,1.948,-1.6832649,2,1.719284137,,
MSBZ,3,-3.649,0.318,-11.474843,2,1.119992445,,
NCBZ,3,-2.084,0.83,-2.5108433,2,1.569461214,,
NCPN,3,-3.754,0.125,-30.032,2,-2.1356952,,
NDCU,3,-2.32,4.006,-0.57913131,2,-1.824555674,,
NEJA,3,-3.47,1.991,-1.7428428,2,-1.474610527,,
NHZL,3,-3.792,0.386,-9.8238344,2,-0.775795213,,
NOLD,3,-0.000164746,4.65464E-05,-3.5393877,2,1.419638291,,
NPJH,3,4.85,1.536,3.157552,2,-0.937111816,,
NRJN,3,-3.438,7.99,-0.43028787,2,0.471448408,,
NSPO,3,-2.307,1.596,-1.4454887,2,-1.524909828,,
NUYK,3,-3.702,0.002426,-1525.9686,2,-0.937111816,,
OATA,3,-3.433,1.999,-1.7173587,2,-1.995726893,,
OCTX,3,-3.813,1.917,-1.9890454,2,-0.62597229,,
ORMQ,3,-3.4248,1.3659,-2.5073578,2,-1.375086905,,
OSIC,3,-3.804,0.281,-13.537367,2,0.598876079,,
OWMB,3,-1.741,4.671,-0.37272534,2,0.610369759,,
OYIG,3,-3.802,0.301,-12.631229,2,2.018929983,,
PDMO,3,-3.576,1.837,-1.9466522,2,-0.775795213,,
PEJY,3,-3.438,1.997,-1.7215824,2,1.707790457,,
PHXZ,3,-3.7745,0.128,-29.488281,2,0.183296242,,
PKYR,3,-3.745,0.131,-28.587786,2,2.018929983,,
PRJG,3,-1.305,0.039,-33.46154,2,-0.775795213,,
PUBS,3,-3.185,1.183,-2.6923077,2,-1.524909828,,
PVCC,3,-2.058,0.272,-7.5661764,2,-0.425850066,,
QBYX,3,-3.724,0.406,-9.1724138,2,0.183296242,,
QDZZ,3,-3.172,0.00116,-2734.4827,2,1.569461214,,
QFYA,3,-3.4351,1.9292,-1.7805827,2,1.569461214,,
QKTL,3,-3.193,1.954,-1.634084,2,0.910015605,,
QLBB,3,-0.01,0.59,-0.016949153,2,2.018929983,,
QLGC,3,-6.89,0.339,-20.324484,2,-1.824555674,,
QLQL,3,-3.433,1.994,-1.721665,2,-2.295372739,,
QLWV,3,1.339,1.95,0.68666667,2,-0.725495912,,
QTPF,3,-3.425,7.62,-0.44947508,2,-1.225263982,,
QWAS,3,-6.03,0.328,-18.384146,2,2.018929983,,
QXPZ,3,-2.93,0.07999,-36.629578,2,-0.326326444,,
RDFJ,3,-3.672,0.345,-10.643478,2,1.569461214,,
RLPD,3,0.667,0.0119,56.050419,2,-1.84590397,,
RQFZ,3,-2.676,0.087,-30.758621,2,0.333119165,,
SDJW,3,-3.298,7.71,-0.42775616,2,-1.83441029,,
SDKG,3,1.761,0.264,6.6704545,2,1.86910706,,
SEPC,3,-2.538,0.2087,-12.160996,2,-2.134056136,,
SYUY,3,-3.296,2.05,-1.6078049,2,-0.787288893,,
TBGV,3,-0.795,0.455,-1.7472527,2,1.719284137,,
TJQM,3,-3.81,0.04,-95.25,2,-1.824555674,,
TKJI,3,-0.652,0.173,-3.7687862,2,-1.84590397,,
TOPR,3,-20.29,1.043,-19.453499,2,0.011078067,,
TURQ,3,-3.732,0.361,-10.33795,2,-1.524909828,,
TWZE,3,-3.862,0.042,-91.952377,2,2.018929983,,
TXCM,3,-3.431,1.937,-1.7712958,2,-1.174964681,,
TXFR,3,-0.32,0.05,-6.4000001,2,1.707790457,,
TXXS,3,0.0031,0.000199,15.577889,2,0.782587934,,
UFAO,3,-3.324,1.9,-1.7494737,2,-1.075441059,,
UISV,3,-1.31708,0.79574,-1.6551638,2,-2.733347828,,
UQYD,3,-3.324,0.093,-35.741936,2,1.408144611,,
UTKY,3,-2.828,0.672,-4.2083335,2,-1.075441059,,
UXOU,3,-117.474,378.821,-0.31010425,2,1.719284137,,
VBXC,3,-1.293,0.0009731,-1328.7432,2,-0.41599545,,
VFDC,3,-1.307,0.057,-22.929825,2,-0.725495912,,
VHSY,3,-1.293,0.125,-10.344,2,-1.236757662,,
VUVW,3,-3.864,0.36,-10.733334,2,0.632765011,,
WGMQ,3,-1.315,0.114,-11.535088,2,1.719284137,,
WYBV,3,-3.036,0.281,-10.804271,2,2.018929983,,
XFUD,3,-3.416,1.965,-1.7384224,2,-2.744841508,,
XJQN,3,-3.819,0.104,-36.721153,2,1.86910706,,
XMDF,3,3.54E-08,4.26E-08,0.8309859,2,-0.127843284,,
XPUJ,3,-3.438,1.997,-1.7215824,2,-1.83441029,,
XVDF,3,-3.458,1.969,-1.7562214,2,-0.787288893,,
XYAZ,3,-3.776,0.284,-13.295774,2,1.719284137,,
YDEI,3,-1.3,0.0144,-90.277779,2,0.798998303,,
YHDE,3,-1.304,0.131,-9.9541988,2,2.018929983,,
YRWI,3,-3.996,0.045,-88.800003,2,-0.886812515,,
YTDU,3,-3.306,2.038,-1.6221786,2,-1.375086905,,
YTEZ,3,-2.865,0.872,-3.2855504,2,-1.225263982,,
ZAAZ,3,-2.856,1.719,-1.6614311,2,1.569461214,,
ZATN,3,-3.225,1.916,-1.6831942,2,-0.609561921,,
ZGYM,3,-3.695,0.00256,-1443.3594,2,-1.536403508,,
ZKFY,3,-3.357,1.009,-3.3270564,2,1.569461214,,
ZOHR,3,-1.378,0.116,-11.879311,2,1.119992445,,
ZYIE,3,-3.844,0.045,-85.422226,2,2.018929983,,
AFES,4,6.784,4.629,1.4655433,2,1.569461214,,
AJRC,4,0.001,0.053,0.018867925,2,-0.63746597,,
AMHC,4,-9.307,4.456,-2.0886445,2,-2.134056136,,
ANXH,4,-1.389,0.22,-6.3136363,2,2.018929983,,
AOTG,4,-2.752,0.861,-3.1962833,2,-0.266172527,,
ASHN,4,-3.783,0.479,-7.8977036,2,1.419638291,,
AXUO,4,245.905,237.606,1.0349276,2,2.018929983,,
BBDS,4,6.608,6.564,1.0067033,2,-2.134056136,,
BCCY,4,2.816,4.098,0.68716449,2,0.471448408,,
BCLX,4,0.032,0.026,1.2307693,2,0.183296242,,
BERH,4,-8.5613,1.7101,-5.0063152,2,0.610369759,,
BJMG,4,20.6,85.83,0.24000932,2,0.960314906,,
BMGE,4,6.891,4.7753,1.4430507,2,-1.375086905,,
BMVK,4,6.25,2.295,2.7233117,2,-2.433701982,,
BUKS,4,-13.3,8.81,-1.5096481,2,-1.684587367,,
BYCV,4,100.843,37.122,2.7165294,2,-0.875318835,,
CBIP,4,0.884,3.813,0.23183845,2,0.16090099,,
CBYS,4,1.1886,2.0081,0.59190279,2,-0.476149367,,
CCPO,4,-9.346,2.912,-3.2094781,2,-0.298422395,,
CGHP,4,-2.046,1.24,-1.65,2,2.018929983,,
CIIE,4,-0.0176,0.00011,-160,2,-0.565818373,,
CKPF,4,-5.928,3.033,-1.9545004,2,0.958675842,,
CMMG,4,-5.832,0.53,-11.003774,2,-0.63746597,,
CNYO,4,-0.538,1.657,-0.32468316,2,-0.62597229,,
COQM,4,-3.95,3.875,-1.0193548,2,-1.075441059,,
CUSM,4,-1.143,3.255,-0.35115206,2,-1.235118598,,
CVZM,4,4.541,7.193,0.6313082,2,-1.684587367,,
CXHI,4,-0.346,6.562,-0.052727826,2,1.419638291,,
DBVU,4,2.249,0.345,6.5188408,2,1.408144611,,
DCJM,4,-1.376,10.421,-0.13204107,2,1.269815368,,
DEXO,4,-2.677,0.802,-3.3379052,2,-1.225263982,,
DQAG,4,-0.852,11.575,-0.073606908,2,-2.433701982,,
DVAE,4,-0.256,4.859,-0.052685738,2,1.569461214,,
EJWM,4,14.03,11.31,1.2404951,2,0.670523676,,
EONY,4,-5.847,3.388,-1.7257969,2,0.610369759,,
EVGS,4,-2.098,3.171,-0.66162091,2,0.199706611,,
EZBJ,4,1.09,4.681,0.23285623,2,0.632765011,,
EZRL,4,5.096,3.34,1.5257485,2,-2.295372739,,
FFHG,4,-3.913,135.41,-0.028897423,2,2.018929983,,
FFKM,4,0.195,3.997,0.048786592,2,0.033473319,,
FHEW,4,-4.964,0.453,-10.958057,2,2.018929983,,
FNTW,4,-0.345,9.631,-0.035821825,2,2.018929983,,
FRXI,4,33.601,30.326,1.1079931,2,-0.326326444,,
FTRF,4,18.707,2.484,7.5309982,2,1.108498765,,
GIPP,4,3.369,1.831,1.8399781,2,-0.62597229,,
GRFN,4,3.785,4.164,0.90898174,2,1.707790457,,
GTPQ,4,2.116,2.233,0.94760412,2,1.569461214,,
GXEN,4,5.696,0.94,6.0595746,2,-0.775795213,,
GZFF,4,0.301,1.822,0.16520308,2,1.569461214,,
HEGK,4,2.709,2.379,1.1387137,2,-0.62597229,,
HEVE,4,3.032,10.691,0.28360304,2,-1.84590397,,
HKIO,4,-2.505,1.05,-2.3857143,2,0.183296242,,
HMEP,4,0.012,0.119,0.10084034,2,-1.375086905,,
HVXK,4,115.525,99.103,1.1657064,2,1.569461214,,
IIVX,4,0.16,3.923,0.040785115,2,-0.288567779,,
IMLY,4,0.985,9.382,0.10498828,2,1.269815368,,
IWSS,4,-0.000686,0.000054,-12.703704,2,-0.925618136,,
JAAQ,4,0.00012,0.00835,0.014371257,2,-0.925618136,,
JARZ,4,-33.524,32.598,-1.0284066,2,-0.775795213,,
JFYE,4,-5.961,1.19,-5.0092435,2,0.299230233,,
JGAO,4,0.007,3.353,0.002087683,2,1.719284137,,
JGKG,4,-3.64,1.117,-3.2587287,2,-0.937111816,,
JPCI,4,-3.365,4.621,-0.72819734,2,-0.937111816,,
JVQU,4,6.27,2.434,2.5760067,2,0.820346599,,
JYUR,4,7.41,16.196,0.45752037,2,-1.84590397,,
KHSV,4,-3.735,0.397,-9.4080601,2,-1.984233213,,
KJCY,4,-33.366,20.402,-1.635428,2,-0.425850066,,
KJMR,4,9.876,3.015,3.2756219,2,1.719284137,,
KJNQ,4,-0.36,4.145,-0.086851627,2,-1.236757662,,
KSUJ,4,0.694,2.157,0.32174316,2,-0.775795213,,
KWUT,4,14.297,17.015,0.8402586,2,-0.277666207,,
KZPU,4,-30.3913,16.9118,-1.797047,2,0.310723913,,
LBOM,4,6.96,3.78,1.8412699,2,0.033473319,,
LHIK,4,-2.868,3.513,-0.81639624,2,-0.775795213,,
LKWD,4,-1.371,3.712,-0.36934268,2,1.569461214,,
LQUT,4,22.33,20.86,1.0704699,2,0.970169522,,
LTMC,4,-0.879,4.478,-0.19629298,2,-1.075441059,,
LXOK,4,-0.0012,0.00033,-3.6363637,2,-0.725495912,,
LYOD,4,10.6789,5.073,2.1050463,2,2.018929983,,
LZHZ,4,-1.29,2.43,-0.53086418,2,-1.674732751,,
LZWO,4,-3.35,1.345,-2.4907062,2,1.108498765,,
MFWS,4,7.242,6.609,1.0957785,2,1.269815368,,
MLNS,4,9.459,6.923,1.3663151,2,-0.575672989,,
MOUZ,4,4.766,2.842,1.676988,2,1.719284137,,
MRYE,4,5.925,6.199,0.95579934,2,1.719284137,,
MSBZ,4,-3.777,3.168,-1.1922349,2,1.119992445,,
NCBZ,4,1.845,0.747,2.4698796,2,1.569461214,,
NCPN,4,-5.399,1.433,-3.7676203,2,-2.1356952,,
NDCU,4,1.077,0.395,2.7265823,2,-1.824555674,,
NEJA,4,-193.421,110.635,-1.7482804,2,-1.474610527,,
NHZL,4,-2.691,5.366,-0.50149089,2,-0.775795213,,
NOLD,4,6.67783E-06,1.51841E-06,4.3979154,2,1.419638291,,
NPJH,4,0.0013,0.00105,1.2380953,2,-0.937111816,,
NRJN,4,-3.597,22.39,-0.16065207,2,0.471448408,,
NSPO,4,4.679,5.059,0.92488635,2,-1.524909828,,
NUYK,4,0.093,0.002739,33.953999,2,-0.937111816,,
OATA,4,-6.59,23.994,-0.274652,2,-1.995726893,,
OCTX,4,5.757,3.376,1.7052726,2,-0.62597229,,
ORMQ,4,3.3527,10.5898,0.3165971,2,-1.375086905,,
OSIC,4,-5.08,0.976,-5.2049179,2,0.598876079,,
OWMB,4,870.235,1243.121,0.70004046,2,0.610369759,,
OYIG,4,0.359,0.818,0.43887532,2,2.018929983,,
PDMO,4,4.833,5.147,0.93899357,2,-0.775795213,,
PEJY,4,-2.113,3.522,-0.59994322,2,1.707790457,,
PHXZ,4,-0.1173,0.539,-0.21762523,2,0.183296242,,
PKYR,4,-1.969,1.977,-0.99595344,2,2.018929983,,
PRJG,4,0.498,0.05,9.96,2,-0.775795213,,
PUBS,4,26.81,20.931,1.2808752,2,-1.524909828,,
PVCC,4,-6275383,6274203,-1.0001881,2,-0.425850066,,
QBYX,4,0.00291,0.001,2.9100001,2,0.183296242,,
QDZZ,4,1.06,0.000207,5120.7729,2,1.569461214,,
QFYA,4,1.7008,12.0575,0.14105743,2,1.569461214,,
QKTL,4,-40.573,31.744,-1.2781312,2,0.910015605,,
QLBB,4,-1.17,11.2,-0.10446429,2,2.018929983,,
QLGC,4,-0.925,1.464,-0.63183057,2,-1.824555674,,
QLQL,4,-3.127,6.586,-0.47479501,2,-2.295372739,,
QLWV,4,244.073,146.26,1.6687611,2,-0.725495912,,
QTPF,4,3.315,25.037,0.13240404,2,-1.225263982,,
QWAS,4,1.139,2.214,0.51445347,2,2.018929983,,
QXPZ,4,27.5,0.47,58.510639,2,-0.326326444,,
RDFJ,4,-2.989,0.751,-3.9800267,2,1.569461214,,
RLPD,4,0.0454,0.0324,1.4012346,2,-1.84590397,,
RQFZ,4,1.945,1.869,1.0406635,2,0.333119165,,
SDJW,4,0.261,15.809,0.016509583,2,-1.83441029,,
SDKG,4,0.047,0.182,0.25824177,2,1.86910706,,
SEPC,4,-3.223,0.768,-4.1966147,2,-2.134056136,,
SYUY,4,-2.797,4.815,-0.58089304,2,-0.787288893,,
TBGV,4,-0.00035,0.00095,-0.36842105,2,1.719284137,,
TJQM,4,-7.974,0.153,-52.117645,2,-1.824555674,,
TKJI,4,-0.0000432,0.000233,-0.18540773,2,-1.84590397,,
TOPR,4,302.4,109.5,2.7616439,2,0.011078067,,
TURQ,4,-4.291,2.149,-1.9967427,2,-1.524909828,,
TWZE,4,5.967,0.693,8.6103897,2,2.018929983,,
TXCM,4,2.068,13.76,0.1502907,2,-1.174964681,,
TXFR,4,-0.99,0.888,-1.1148648,2,1.707790457,,
TXXS,4,-0.011766,0.001725,-6.8208694,2,0.782587934,,
UFAO,4,4.353,12.367,0.35198513,2,-1.075441059,,
UISV,4,-0.01067,0.46929,-0.022736475,2,-2.733347828,,
UQYD,4,-0.428,0.074,-5.7837839,2,1.408144611,,
UTKY,4,-1.533,0.89,-1.722472,2,-1.075441059,,
UXOU,4,-197.971,615.397,-0.3216964,2,1.719284137,,
VBXC,4,-3.468,0.0454,-76.387665,2,-0.41599545,,
VFDC,4,0.052,0.036,1.4444444,2,-0.725495912,,
VHSY,4,-0.0379,0.0332,-1.1415663,2,-1.236757662,,
VUVW,4,-0.132,0.606,-0.21782178,2,0.632765011,,
WGMQ,4,-0.00076,0.00025,-3.04,2,1.719284137,,
WYBV,4,-0.003,0.927,-0.003236246,2,2.018929983,,
XFUD,4,15.161,31.611,0.47961152,2,-2.744841508,,
XJQN,4,1.087,0.442,2.459276,2,1.86910706,,
XMDF,4,-1.16E-08,2.09E-09,-5.5502391,2,-0.127843284,,
XPUJ,4,20.231,21.943,0.92197967,2,-1.83441029,,
XVDF,4,-1.444,10.359,-0.1393957,2,-0.787288893,,
XYAZ,4,-3.498,1.199,-2.9174311,2,1.719284137,,
YDEI,4,-0.0345,0.00538,-6.4126396,2,0.798998303,,
YHDE,4,0.733,1.405,0.52170819,2,2.018929983,,
YRWI,4,-0.003,0.149,-0.020134227,2,-0.886812515,,
YTDU,4,14.393,14.571,0.98778397,2,-1.375086905,,
YTEZ,4,2.759,2.65,1.0411321,2,-1.225263982,,
ZAAZ,4,1.586,4.09,0.38777506,2,1.569461214,,
ZATN,4,39.633,35.659,1.1114445,2,-0.609561921,,
ZGYM,4,-5.563,0.042,-132.45238,2,-1.536403508,,
ZKFY,4,4.241,12.267,0.34572431,2,1.569461214,,
ZOHR,4,-3.431,3.354,-1.0229577,2,1.119992445,,
ZYIE,4,-3.855,0.299,-12.892977,2,2.018929983,,
AFES,5,-0.591,1.745,-0.33868194,2,1.569461214,,
AJRC,5,-0.449,0.088,-5.1022725,2,-0.63746597,,
AMHC,5,0.941,0.78,1.2064103,2,-2.134056136,,
ANXH,5,-2.358,0.112,-21.053572,2,2.018929983,,
AOTG,5,0.575,0.017,33.823528,2,-0.266172527,,
ASHN,5,0.0863,0.147,0.58707482,2,1.419638291,,
AXUO,5,-1.51,2.667,-0.56617922,2,2.018929983,,
BBDS,5,0.422,0.652,0.64723927,2,-2.134056136,,
BCCY,5,0.103,1.199,0.085904919,2,0.471448408,,
BCLX,5,3.282E-08,1.441E-08,2.277585,2,0.183296242,,
BERH,5,0.0967,0.2193,0.44094849,2,0.610369759,,
BJMG,5,-1.51,2.67,-0.56554306,2,0.960314906,,
BMGE,5,-1.488,1.555,-0.95691317,2,-1.375086905,,
BMVK,5,-0.697,0.887,-0.78579479,2,-2.433701982,,
BUKS,5,0.0421,0.0731,0.57592338,2,-1.684587367,,
BYCV,5,-0.532,2.813,-0.18912193,2,-0.875318835,,
CBIP,5,0.559,0.216,2.5879629,2,0.16090099,,
CBYS,5,3.1043,1.686,1.8412218,2,-0.476149367,,
CCPO,5,0.145,0.137,1.0583942,2,-0.298422395,,
CGHP,5,-0.592,0.62,-0.95483869,2,2.018929983,,
CIIE,5,0.003825,0.000012,318.75,2,-0.565818373,,
CKPF,5,-0.00133,0.00656,-0.2027439,2,0.958675842,,
CMMG,5,0.15,0.056,2.6785715,2,-0.63746597,,
CNYO,5,0.066,0.021,3.1428571,2,-0.62597229,,
COQM,5,0.819,0.097,8.4432993,2,-1.075441059,,
CUSM,5,-2.087,1.054,-1.980076,2,-1.235118598,,
CVZM,5,-0.143,0.273,-0.52380955,2,-1.684587367,,
CXHI,5,0.047,0.062,0.75806451,2,1.419638291,,
DBVU,5,-0.149,0.104,-1.4326923,2,1.408144611,,
DCJM,5,-0.621,2.808,-0.22115384,2,1.269815368,,
DEXO,5,1.153,0.15,7.6866665,2,-1.225263982,,
DQAG,5,-0.479,0.092,-5.2065215,2,-2.433701982,,
DVAE,5,-1.673,3.405,-0.49133626,2,1.569461214,,
EJWM,5,1.35,0.79,1.7088608,2,0.670523676,,
EONY,5,0.056,0.676,0.082840234,2,0.610369759,,
EVGS,5,0.099,0.621,0.1594203,2,0.199706611,,
EZBJ,5,0.07,0.061,1.1475409,2,0.632765011,,
EZRL,5,0.302,0.811,0.37237978,2,-2.295372739,,
FFHG,5,0.264,1.712,0.15420561,2,2.018929983,,
FFKM,5,1.291,0.629,2.0524642,2,0.033473319,,
FHEW,5,2.335,0.063,37.063492,2,2.018929983,,
FNTW,5,-0.326,2.1,-0.15523809,2,2.018929983,,
FRXI,5,-1.427,2.452,-0.58197391,2,-0.326326444,,
FTRF,5,-1.257,0.272,-4.6213236,2,1.108498765,,
GIPP,5,0.864,0.295,2.9288135,2,-0.62597229,,
GRFN,5,0.059,0.192,0.30729166,2,1.707790457,,
GTPQ,5,0.067,0.367,0.18256131,2,1.569461214,,
GXEN,5,0.135,0.106,1.273585,2,-0.775795213,,
GZFF,5,0.0563,0.149,0.37785235,2,1.569461214,,
HEGK,5,0.102,0.101,1.009901,2,-0.62597229,,
HEVE,5,-0.444,1.191,-0.37279597,2,-1.84590397,,
HKIO,5,0.8841,0.1314,6.7283106,2,0.183296242,,
HMEP,5,-0.307,0.961,-0.3194589,2,-1.375086905,,
HVXK,5,0.103,1.199,0.085904919,2,1.569461214,,
IIVX,5,0.173,0.261,0.66283524,2,-0.288567779,,
IMLY,5,-2.216,4.055,-0.54648584,2,1.269815368,,
IWSS,5,20.61,0.979,21.052094,2,-0.925618136,,
JAAQ,5,-0.304,3.515,-0.086486489,2,-0.925618136,,
JARZ,5,6.877,2.904,2.368113,2,-0.775795213,,
JFYE,5,-0.496,0.147,-3.3741496,2,0.299230233,,
JGAO,5,-0.485,1.209,-0.40115798,2,1.719284137,,
JGKG,5,-0.571,0.291,-1.9621993,2,-0.937111816,,
JPCI,5,-1.648,0.052,-31.692308,2,-0.937111816,,
JVQU,5,-3.533,0.58,-6.0913792,2,0.820346599,,
JYUR,5,0.022,1.196,0.018394649,2,-1.84590397,,
KHSV,5,-0.671,0.28,-2.3964286,2,-1.984233213,,
KJCY,5,-30.792,30.639,-1.0049937,2,-0.425850066,,
KJMR,5,0.00335,0.109,0.030733945,2,1.719284137,,
KJNQ,5,1.514,1.776,0.85247749,2,-1.236757662,,
KSUJ,5,-0.805,1.059,-0.76015109,2,-0.775795213,,
KWUT,5,-0.532,2.813,-0.18912193,2,-0.277666207,,
KZPU,5,-0.5559,0.2895,-1.9202073,2,0.310723913,,
LBOM,5,-1.3,2.42,-0.53719008,2,0.033473319,,
LHIK,5,-0.03,1.055,-0.028436018,2,-0.775795213,,
LKWD,5,-1.59,2.596,-0.61248076,2,1.569461214,,
LQUT,5,-0.31,1.17,-0.26495728,2,0.970169522,,
LTMC,5,-0.524,0.763,-0.68676275,2,-1.075441059,,
LXOK,5,-0.079,0.18,-0.43888888,2,-0.725495912,,
LYOD,5,-1.1395,0.7179,-1.5872685,2,2.018929983,,
LZHZ,5,-0.024,0.35,-0.068571426,2,-1.674732751,,
LZWO,5,0.144,0.2,0.72000003,2,1.108498765,,
MFWS,5,1.218,1.107,1.100271,2,1.269815368,,
MLNS,5,1.018,1.002,1.0159681,2,-0.575672989,,
MOUZ,5,0.294,0.311,0.94533759,2,1.719284137,,
MRYE,5,-2.343,2.337,-1.0025674,2,1.719284137,,
MSBZ,5,-2.14,0.479,-4.4676409,2,1.119992445,,
NCBZ,5,0.41,0.508,0.80708659,2,1.569461214,,
NCPN,5,-1.989,0.237,-8.3924055,2,-2.1356952,,
NDCU,5,1.577,4.148,0.38018322,2,-1.824555674,,
NEJA,5,86.142,86.146,0.99995357,2,-1.474610527,,
NHZL,5,-0.351,0.322,-1.0900621,2,-0.775795213,,
NOLD,5,-3.81923E-05,5.38699E-05,-0.70897341,2,1.419638291,,
NPJH,5,1.071,0.841,1.273484,2,-0.937111816,,
NRJN,5,-1.768,6.299,-0.28067946,2,0.471448408,,
NSPO,5,1.376,2.449,0.56186199,2,-1.524909828,,
NUYK,5,-0.442,0.005394,-81.942902,2,-0.937111816,,
OATA,5,1.1,1.282,0.85803431,2,-1.995726893,,
OCTX,5,-2.703,2.265,-1.1933775,2,-0.62597229,,
ORMQ,5,-2.17,3.1394,-0.69121486,2,-1.375086905,,
OSIC,5,0.121,0.212,0.57075471,2,0.598876079,,
OWMB,5,-0.434,5.587,-0.077680327,2,0.610369759,,
OYIG,5,0.774,0.148,5.2297297,2,2.018929983,,
PDMO,5,-0.317,0.86,-0.36860466,2,-0.775795213,,
PEJY,5,-1.51,2.667,-0.56617922,2,1.707790457,,
PHXZ,5,0.1429,0.138,1.0355072,2,0.183296242,,
PKYR,5,0.147,0.135,1.0888889,2,2.018929983,,
PRJG,5,-0.572,0.197,-2.9035532,2,-0.775795213,,
PUBS,5,0.12,0.369,0.32520324,2,-1.524909828,,
PVCC,5,0.816,0.34,2.4000001,2,-0.425850066,,
QBYX,5,-1.183,1.171,-1.0102477,2,0.183296242,,
QDZZ,5,-1.288,0.00147,-876.19049,2,1.569461214,,
QFYA,5,0.1042,1.1222,0.092853323,2,1.569461214,,
QKTL,5,-1.526,2.363,-0.64578927,2,0.910015605,,
QLBB,5,-1.8,2.62,-0.68702292,2,2.018929983,,
QLGC,5,-0.388,0.214,-1.8130841,2,-1.824555674,,
QLQL,5,-0.532,2.813,-0.18912193,2,-2.295372739,,
QLWV,5,0.365,0.768,0.47526041,2,-0.725495912,,
QTPF,5,0.022,3.164,0.006953224,2,-1.225263982,,
QWAS,5,-1.821,0.414,-4.3985505,2,2.018929983,,
QXPZ,5,-0.14,0.08974,-1.5600624,2,-0.326326444,,
RDFJ,5,0.894,0.13,6.8769231,2,1.569461214,,
RLPD,5,0.0244,0.0194,1.2577319,2,-1.84590397,,
RQFZ,5,-2.087,0.129,-16.178295,2,0.333119165,,
SDJW,5,0.064,3.567,0.017942248,2,-1.83441029,,
SDKG,5,1.7,0.332,5.120482,2,1.86910706,,
SEPC,5,-0.929,0.313,-2.9680512,2,-2.134056136,,
SYUY,5,-0.645,2.739,-0.2354874,2,-0.787288893,,
TBGV,5,0.395,0.175,2.2571428,2,1.719284137,,
TJQM,5,-2.879,0.124,-23.217741,2,-1.824555674,,
TKJI,5,-0.219,0.214,-1.0233645,2,-1.84590397,,
TOPR,5,-0.002,0.516,-0.003875969,2,0.011078067,,
TURQ,5,-0.453,0.764,-0.59293193,2,-1.524909828,,
TWZE,5,0.22,0.047,4.680851,2,2.018929983,,
TXCM,5,-0.531,2.636,-0.20144157,2,-1.174964681,,
TXFR,5,1.03,0.086,11.976745,2,1.707790457,,
TXXS,5,0.000032,0.0000597,0.53601342,2,0.782587934,,
UFAO,5,-2.56,2.627,-0.97449565,2,-1.075441059,,
UISV,5,-0.32583,0.50602,-0.64390737,2,-2.733347828,,
UQYD,5,-0.56,0.145,-3.8620689,2,1.408144611,,
UTKY,5,-0.00126,0.544,-0.002316176,2,-1.075441059,,
UXOU,5,15.236,47.724,0.31925237,2,1.719284137,,
VBXC,5,-0.098,0.001937,-50.5937,2,-0.41599545,,
VFDC,5,0.212,0.188,1.1276596,2,-0.725495912,,
VHSY,5,-0.3102,0.248,-1.2508065,2,-1.236757662,,
VUVW,5,0.208,0.217,0.95852536,2,0.632765011,,
WGMQ,5,0.14,0.112,1.25,2,1.719284137,,
WYBV,5,0.882,0.251,3.5139441,2,2.018929983,,
XFUD,5,-2.182,1.991,-1.0959316,2,-2.744841508,,
XJQN,5,0.798,0.044,18.136364,2,1.86910706,,
XMDF,5,-0.0019,0.00167,-1.1377245,2,-0.127843284,,
XPUJ,5,7.139,9.771,0.73063147,2,-1.83441029,,
XVDF,5,0.028,1.28,0.021875,2,-0.787288893,,
XYAZ,5,-0.109,0.317,-0.34384859,2,1.719284137,,
YDEI,5,-0.174,0.0315,-5.5238094,2,0.798998303,,
YHDE,5,0.0857,0.177,0.48418078,2,2.018929983,,
YRWI,5,0.288,0.01,28.799999,2,-0.886812515,,
YTDU,5,-0.643,2.749,-0.23390324,2,-1.375086905,,
YTEZ,5,-0.479,1.066,-0.44934335,2,-1.225263982,,
ZAAZ,5,-0.261,1.92,-0.1359375,2,1.569461214,,
ZATN,5,-0.257,1.118,-0.22987477,2,-0.609561921,,
ZGYM,5,0.215,0.00314,68.471336,2,-1.536403508,,
ZKFY,5,-0.623,0.849,-0.73380446,2,1.569461214,,
ZOHR,5,0.406,0.618,0.65695792,2,1.119992445,,
ZYIE,5,-2.336,0.138,-16.927536,2,2.018929983,,
AFES,6,26.145,31.167,0.83886802,2,1.569461214,,
AJRC,6,-0.001,0.025,-0.039999999,2,-0.63746597,,
AMHC,6,61.058,57.451,1.062784,2,-2.134056136,,
ANXH,6,-0.253,0.028,-9.0357141,2,2.018929983,,
AOTG,6,-414.43,1149.271,-0.3606025,2,-0.266172527,,
ASHN,6,10.603,7.67,1.382399,2,1.419638291,,
AXUO,6,39.036,50.147,0.77843142,2,2.018929983,,
BBDS,6,-393.818,77.995,-5.0492725,2,-2.134056136,,
BCCY,6,-53.847,44.332,-1.2146305,2,0.471448408,,
BCLX,6,-0.001194,0.000254,-4.7007875,2,0.183296242,,
BERH,6,-2.4381,3.3646,-0.72463292,2,0.610369759,,
BJMG,6,-15.35,58.13,-0.2640633,2,0.960314906,,
BMGE,6,21.256,56.484,0.37631896,2,-1.375086905,,
BMVK,6,0.624,0.455,1.3714286,2,-2.433701982,,
BUKS,6,5.35,10.19,0.52502453,2,-1.684587367,,
BYCV,6,-29.8,5.724,-5.2061496,2,-0.875318835,,
CBIP,6,-0.002,0.0014,-1.4285715,2,0.16090099,,
CBYS,6,-90.4043,50.5087,-1.7898757,2,-0.476149367,,
CCPO,6,-2.332,3.07,-0.7596091,2,-0.298422395,,
CGHP,6,3.177,1.05,3.0257144,2,2.018929983,,
CIIE,6,0.000411,0.000017,24.17647,2,-0.565818373,,
CKPF,6,-54.726,24.291,-2.2529333,2,0.958675842,,
CMMG,6,2.334,6.842,0.34112832,2,-0.63746597,,
CNYO,6,0.103,0.092,1.1195652,2,-0.62597229,,
COQM,6,0.0001634,0.0001686,0.96915776,2,-1.075441059,,
CUSM,6,0.387,0.409,0.94621027,2,-1.235118598,,
CVZM,6,0.169,0.167,1.011976,2,-1.684587367,,
CXHI,6,283.671,412.637,0.68745893,2,1.419638291,,
DBVU,6,-1.615,1.416,-1.1405367,2,1.408144611,,
DCJM,6,-6.896,23.339,-0.2954711,2,1.269815368,,
DEXO,6,-3.908,3.987,-0.98018563,2,-1.225263982,,
DQAG,6,-0.079,3.44,-0.022965116,2,-2.433701982,,
DVAE,6,-8.795,13.052,-0.67384309,2,1.569461214,,
EJWM,6,-11.39,10.41,-1.0941403,2,0.670523676,,
EONY,6,434.885,554.672,0.78403991,2,0.610369759,,
EVGS,6,0.153,0.279,0.54838711,2,0.199706611,,
EZBJ,6,3.221,1.874,1.7187834,2,0.632765011,,
EZRL,6,-15.222,61.798,-0.24631865,2,-2.295372739,,
FFHG,6,38.942,32.406,1.201691,2,2.018929983,,
FFKM,6,-51.463,30.237,-1.7019876,2,0.033473319,,
FHEW,6,-1.333,7.733,-0.17237812,2,2.018929983,,
FNTW,6,-112.037,79.04,-1.4174721,2,2.018929983,,
FRXI,6,31.622,22.668,1.3950062,2,-0.326326444,,
FTRF,6,1.333,1.808,0.73727876,2,1.108498765,,
GIPP,6,-13.587,21.601,-0.62899864,2,-0.62597229,,
GRFN,6,-4.914,4.647,-1.0574564,2,1.707790457,,
GTPQ,6,4.767,10.269,0.46421269,2,1.569461214,,
GXEN,6,-1.834,3.135,-0.58500797,2,-0.775795213,,
GZFF,6,-0.546,5.105,-0.10695396,2,1.569461214,,
HEGK,6,0.155,0.328,0.47256097,2,-0.62597229,,
HEVE,6,-187.7,142.9,-1.313506,2,-1.84590397,,
HKIO,6,0.0388,0.0296,1.3108108,2,0.183296242,,
HMEP,6,-12.346,106.18,-0.11627425,2,-1.375086905,,
HVXK,6,-49.077,63.568,-0.77203941,2,1.569461214,,
IIVX,6,-7.46,6.487,-1.1499923,2,-0.288567779,,
IMLY,6,-17.692,22.17,-0.79801536,2,1.269815368,,
IWSS,6,0.017,0.005,3.4000001,2,-0.925618136,,
JAAQ,6,-14.26,236.1,-0.060398135,2,-0.925618136,,
JARZ,6,-275.582,220.823,-1.2479769,2,-0.775795213,,
JFYE,6,3.157,1.957,1.6131835,2,0.299230233,,
JGAO,6,-287.037,211.635,-1.3562832,2,1.719284137,,
JGKG,6,-0.025,0.741,-0.033738192,2,-0.937111816,,
JPCI,6,34.589,55.551,0.62265307,2,-0.937111816,,
JVQU,6,-31.327,7.156,-4.3777251,2,0.820346599,,
JYUR,6,88.929,80.313,1.1072803,2,-1.84590397,,
KHSV,6,-0.97,3.394,-0.28579846,2,-1.984233213,,
KJCY,6,-45.122,40.667,-1.1095483,2,-0.425850066,,
KJMR,6,-5.105,11.916,-0.42841557,2,1.719284137,,
KJNQ,6,3.688,3.187,1.1572012,2,-1.236757662,,
KSUJ,6,-0.816,1.22,-0.66885245,2,-0.775795213,,
KWUT,6,-35.208,28.359,-1.2415106,2,-0.277666207,,
KZPU,6,-1.5581,3.3266,-0.46837613,2,0.310723913,,
LBOM,6,10.99,14.26,0.77068722,2,0.033473319,,
LHIK,6,-3.749,20.681,-0.1812775,2,-0.775795213,,
LKWD,6,5.211,9.6,0.54281253,2,1.569461214,,
LQUT,6,-30.67,125.56,-0.24426569,2,0.970169522,,
LTMC,6,-0.031,0.15,-0.20666666,2,-1.075441059,,
LXOK,6,13.602,11.203,1.2141391,2,-0.725495912,,
LYOD,6,3.8619,3.0624,1.2610698,2,2.018929983,,
LZHZ,6,0.06,0.05,1.2,2,-1.674732751,,
LZWO,6,-14.673,8.997,-1.630877,2,1.108498765,,
MFWS,6,2.809,5.763,0.48741975,2,1.269815368,,
MLNS,6,48.782,32.547,1.4988171,2,-0.575672989,,
MOUZ,6,-67.052,144.568,-0.46380943,2,1.719284137,,
MRYE,6,-0.029,0.249,-0.11646587,2,1.719284137,,
MSBZ,6,0.114,0.282,0.40425533,2,1.119992445,,
NCBZ,6,0.00547,0.01501,0.36442372,2,1.569461214,,
NCPN,6,3.615,2.877,1.2565172,2,-2.1356952,,
NDCU,6,-194.967,2740.231,-0.071149841,2,-1.824555674,,
NEJA,6,100.28,3.981,25.189651,2,-1.474610527,,
NHZL,6,0.224,2.198,0.10191083,2,-0.775795213,,
NOLD,6,-1.66306E-05,2.01594E-05,-0.82495356,2,1.419638291,,
NPJH,6,0.00129,0.00111,1.1621622,2,-0.937111816,,
NRJN,6,-452.1,1622.6,-0.27862689,2,0.471448408,,
NSPO,6,273.9,148.1,1.849426,2,-1.524909828,,
NUYK,6,-0.034,0.000887,-38.331455,2,-0.937111816,,
OATA,6,-193.333,81.97,-2.3585825,2,-1.995726893,,
OCTX,6,-0.587,0.254,-2.3110237,2,-0.62597229,,
ORMQ,6,-15.1888,63.7958,-0.23808464,2,-1.375086905,,
OSIC,6,2.014,3.165,0.6363349,2,0.598876079,,
OWMB,6,-3024.931,1837.154,-1.646531,2,0.610369759,,
OYIG,6,-0.097,2.193,-0.044231646,2,2.018929983,,
PDMO,6,-110.779,65.658,-1.6872125,2,-0.775795213,,
PEJY,6,26.993,23.484,1.1494209,2,1.707790457,,
PHXZ,6,0.0552,0.056,0.98571426,2,0.183296242,,
PKYR,6,2.146,0.376,5.7074466,2,2.018929983,,
PRJG,6,-0.0000241,0.0000474,-0.50843883,2,-0.775795213,,
PUBS,6,-252.656,83.748,-3.01686,2,-1.524909828,,
PVCC,6,94.3,170.65,0.55259305,2,-0.425850066,,
QBYX,6,0.0000762,0.000246,0.3097561,2,0.183296242,,
QDZZ,6,486.487,786.055,0.6188969,2,1.569461214,,
QFYA,6,-40.2307,59.0047,-0.68182194,2,1.569461214,,
QKTL,6,56.44,44.305,1.2738968,2,0.910015605,,
QLBB,6,-0.73,42.09,-0.017343787,2,2.018929983,,
QLGC,6,-3.432,3.001,-1.1436188,2,-1.824555674,,
QLQL,6,-538.904,506.064,-1.064893,2,-2.295372739,,
QLWV,6,4.579,3.72,1.230914,2,-0.725495912,,
QTPF,6,-56.258,174.066,-0.32319924,2,-1.225263982,,
QWAS,6,0.00084,0.00041,2.0487804,2,2.018929983,,
QXPZ,6,-2.79,1,-2.79,2,-0.326326444,,
RDFJ,6,5.862,4.426,1.3244464,2,1.569461214,,
RLPD,6,-0.1807,0.0706,-2.5594902,2,-1.84590397,,
RQFZ,6,-0.127,0.051,-2.490196,2,0.333119165,,
SDJW,6,-3.262,44.38,-0.073501579,2,-1.83441029,,
SDKG,6,0.006,0.022,0.27272728,2,1.86910706,,
SEPC,6,-25.68,39.424,-0.65137988,2,-2.134056136,,
SYUY,6,6.093,9.417,0.64702135,2,-0.787288893,,
TBGV,6,6.379,3.186,2.002197,2,1.719284137,,
TJQM,6,-0.0004327,0.0005338,-0.8106032,2,-1.824555674,,
TKJI,6,-0.211,0.131,-1.610687,2,-1.84590397,,
TOPR,6,-360.7,174.1,-2.0717978,2,0.011078067,,
TURQ,6,0.034,0.558,0.060931899,2,-1.524909828,,
TWZE,6,0.402,3.882,0.10355487,2,2.018929983,,
TXCM,6,-158.2,166.1,-0.95243829,2,-1.174964681,,
TXFR,6,0.52,1.045,0.49760765,2,1.707790457,,
TXXS,6,-0.002301,0.006515,-0.35318497,2,0.782587934,,
UFAO,6,64.13,48.772,1.3148938,2,-1.075441059,,
UISV,6,0.00046,0.00376,0.12234043,2,-2.733347828,,
UQYD,6,-0.01,0.067,-0.14925373,2,1.408144611,,
UTKY,6,-2.115,167.174,-0.012651489,2,-1.075441059,,
UXOU,6,23.621,23.332,1.0123864,2,1.719284137,,
VBXC,6,-1.284,0.126,-10.190476,2,-0.41599545,,
VFDC,6,0.012,0.015,0.80000001,2,-0.725495912,,
VHSY,6,0.0168,0.0201,0.83582091,2,-1.236757662,,
VUVW,6,2.131,3.223,0.6611852,2,0.632765011,,
WGMQ,6,0.04,0.034,1.1764706,2,1.719284137,,
WYBV,6,-0.011,4.156,-0.002646776,2,2.018929983,,
XFUD,6,-4.002,5.676,-0.70507401,2,-2.744841508,,
XJQN,6,-1.346,2.835,-0.47477955,2,1.86910706,,
XMDF,6,-0.000000117,0.00000057,-0.20526315,2,-0.127843284,,
XPUJ,6,61.957,52.094,1.1893308,2,-1.83441029,,
XVDF,6,0.801,1.479,0.54158217,2,-0.787288893,,
XYAZ,6,0.046,0.037,1.2432432,2,1.719284137,,
YDEI,6,0.00198,0.0151,0.13112582,2,0.798998303,,
YHDE,6,0.0711,0.0579,1.2279793,2,2.018929983,,
YRWI,6,-1.08,0.529,-2.0415878,2,-0.886812515,,
YTDU,6,-60.749,83.858,-0.72442698,2,-1.375086905,,
YTEZ,6,0.0221,0.171,0.12923977,2,-1.225263982,,
ZAAZ,6,0.000146,0.00123,0.11869919,2,1.569461214,,
ZATN,6,52.557,35.644,1.4744978,2,-0.609561921,,
ZGYM,6,0.004998,0.00179,2.7921789,2,-1.536403508,,
ZKFY,6,-693.312,195.988,-3.5375228,2,1.569461214,,
ZOHR,6,41.539,27.408,1.5155793,2,1.119992445,,
ZYIE,6,-15.717,8.242,-1.9069401,2,2.018929983,,
AFES,1,-3.136,5.311,-0.59047258,3,1.569461214,,
AJRC,1,-1.024,2.756,-0.37155297,3,-0.63746597,,
AMHC,1,1.912,3.773,0.50675857,3,-2.134056136,,
ANXH,1,-1.192,0.478,-2.4937239,3,2.018929983,,
AOTG,1,-0.01,0.018,-0.55555558,3,-0.266172527,,
ASHN,1,1.338,0.504,2.6547618,3,1.419638291,,
AXUO,1,-0.397,2.707,-0.14665681,3,2.018929983,,
BBDS,1,-0.0496,0.00706,-7.0254955,3,-2.134056136,,
BCCY,1,-3.635,0.495,-7.3434343,3,0.471448408,,
BCLX,1,-0.038,0.009066561,-4.1912255,3,0.183296242,,
BERH,1,-1.3012,1.2544,-1.0373087,3,0.610369759,,
BJMG,1,-3.264,3.912,-0.83435583,3,0.960314906,,
BMGE,1,-2.615,1.422,-1.8389592,3,-1.375086905,,
BMVK,1,-2.536,1.297,-1.9552814,3,-2.433701982,,
BUKS,1,0.08,0.35,0.22857143,3,-1.684587367,,
BYCV,1,-0.1723,0.0629,-2.7392688,3,-0.875318835,,
CBIP,1,-0.321,0.131,-2.4503818,3,0.16090099,,
CBYS,1,-5.869,1.3435,-4.3684406,3,-0.476149367,,
CCPO,1,-5.816,0.777,-7.4851995,3,-0.298422395,,
CGHP,1,-4.224,1.543,-2.7375243,3,2.018929983,,
CIIE,1,-10.87,105.78,-0.10276045,3,-0.565818373,,
CKPF,1,-1.47,0.482,-3.0497925,3,0.958675842,,
CMMG,1,7.319,3.239,2.2596481,3,-0.63746597,,
CNYO,1,-0.354,0.045,-7.8666668,3,-0.62597229,,
COQM,1,-0.368,0.057,-6.4561405,3,-1.075441059,,
CUSM,1,-4.007,2.017,-1.9866138,3,-1.235118598,,
CVZM,1,-3.865,2.177,-1.7753789,3,-1.684587367,,
CXHI,1,74491.116,74425.548,1.000881,3,1.419638291,,
DBVU,1,-2.391,0.416,-5.7475963,3,1.408144611,,
DCJM,1,-5.375,1.737,-3.0944157,3,1.269815368,,
DEXO,1,-0.387,0.116,-3.3362069,3,-1.225263982,,
DQAG,1,-6.355,3.498,-1.8167524,3,-2.433701982,,
DVAE,1,-1.35,0.559,-2.4150269,3,1.569461214,,
EJWM,1,-0.842,0.304,-2.7697368,3,0.670523676,,
EONY,1,-5.682,5.563,-1.0213914,3,0.610369759,,
EVGS,1,-0.041,0.32,-0.128125,3,0.199706611,,
EZBJ,1,-0.281,0.023,-12.217391,3,0.632765011,,
EZRL,1,-2.064,0.622,-3.3183279,3,-2.295372739,,
FFHG,1,-2.474,5.726,-0.43206427,3,2.018929983,,
FFKM,1,1.691,0.355,4.7633801,3,0.033473319,,
FHEW,1,0.585,0.43,1.3604652,3,2.018929983,,
FNTW,1,-27.599,29.492,-0.93581313,3,2.018929983,,
FRXI,1,-0.049,0.016,-3.0625,3,-0.326326444,,
FTRF,1,-4.361,0.314,-13.888535,3,1.108498765,,
GIPP,1,-1.924,1.391,-1.3831775,3,-0.62597229,,
GRFN,1,-0.531,0.449,-1.182628,3,1.707790457,,
GTPQ,1,1.975,0.857,2.3045506,3,1.569461214,,
GXEN,1,-6.552,0.857,-7.6452742,3,-0.775795213,,
GZFF,1,-0.955,0.351,-2.7207978,3,1.569461214,,
HEGK,1,0.175,0.104,1.6826923,3,-0.62597229,,
HEVE,1,0.816,0.242,3.3719008,3,-1.84590397,,
HKIO,1,-0.00301,0.451,-0.006674058,3,0.183296242,,
HMEP,1,-0.0447,0.214,-0.2088785,3,-1.375086905,,
HVXK,1,-0.222,0.073,-3.041096,3,1.569461214,,
IIVX,1,-3.076,1.767,-1.7408036,3,-0.288567779,,
IMLY,1,-0.43,0.982,-0.43788189,3,1.269815368,,
IWSS,1,6.045,23.279,0.2596761,3,-0.925618136,,
JAAQ,1,124.5,35.26,3.5309131,3,-0.925618136,,
JARZ,1,-3.372,1.92,-1.75625,3,-0.775795213,,
JFYE,1,0.223,0.966,0.23084886,3,0.299230233,,
JGAO,1,-30.505,16.185,-1.8847698,3,1.719284137,,
JGKG,1,-0.841,0.458,-1.8362446,3,-0.937111816,,
JPCI,1,-0.145,0.145,-1,3,-0.937111816,,
JVQU,1,-2.101,0.558,-3.765233,3,0.820346599,,
JYUR,1,-1.003,0.248,-4.0443549,3,-1.84590397,,
KHSV,1,-4.101,0.646,-6.3482971,3,-1.984233213,,
KJCY,1,-0.709,0.023,-30.826086,3,-0.425850066,,
KJMR,1,-6.645,0.811,-8.1935883,3,1.719284137,,
KJNQ,1,-70.527,65.782,-1.0721322,3,-1.236757662,,
KSUJ,1,-10.152,3.88,-2.6164949,3,-0.775795213,,
KWUT,1,-0.783,0.348,-2.25,3,-0.277666207,,
KZPU,1,-0.196,0.109,-1.7981651,3,0.310723913,,
LBOM,1,-5.23,6.24,-0.83814102,3,0.033473319,,
LHIK,1,-16.445,15.733,-1.0452552,3,-0.775795213,,
LKWD,1,4.136,1.427,2.8983881,3,1.569461214,,
LQUT,1,-20.48,77.64,-0.26378155,3,0.970169522,,
LTMC,1,-1.726,2.236,-0.77191412,3,-1.075441059,,
LXOK,1,-1.19,0.3,-3.9666667,3,-0.725495912,,
LYOD,1,0.5135,0.2777,1.8491178,3,2.018929983,,
LZHZ,1,-1.184,0.261,-4.5363984,3,-1.674732751,,
LZWO,1,-2.297,1.93,-1.1901554,3,1.108498765,,
MFWS,1,1.825,3.625,0.50344825,3,1.269815368,,
MLNS,1,-11.398,9.264,-1.2303541,3,-0.575672989,,
MOUZ,1,2.965,0.524,5.6583967,3,1.719284137,,
MRYE,1,-1.882,0.447,-4.2102909,3,1.719284137,,
MSBZ,1,-0.362,0.179,-2.0223463,3,1.119992445,,
NCBZ,1,-1.785,1.797,-0.99332219,3,1.569461214,,
NCPN,1,2.017,0.312,6.4647436,3,-2.1356952,,
NDCU,1,0.386,0.783,0.49297574,3,-1.824555674,,
NEJA,1,-1.811,2.837,-0.63835037,3,-1.474610527,,
NHZL,1,11.507,2.373,4.8491364,3,-0.775795213,,
NOLD,1,0.000238989,9.56107E-05,2.4996066,3,1.419638291,,
NPJH,1,-3.411,1.637,-2.0836897,3,-0.937111816,,
NRJN,1,-3.06,0.836,-3.6602871,3,0.471448408,,
NSPO,1,0.576,1.537,0.37475601,3,-1.524909828,,
NUYK,1,-1.996,0.254,-7.8582678,3,-0.937111816,,
OATA,1,4.745,2.329,2.0373552,3,-1.995726893,,
OCTX,1,-0.022,0.02,-1.1,3,-0.62597229,,
ORMQ,1,-0.3492,0.0517,-6.7543521,3,-1.375086905,,
OSIC,1,-6.678,1.813,-3.6833978,3,0.598876079,,
OWMB,1,-0.294,0.108,-2.7222223,3,0.610369759,,
OYIG,1,-3.245,1.569,-2.0681963,3,2.018929983,,
PDMO,1,-1.421,0.323,-4.3993807,3,-0.775795213,,
PEJY,1,-3.149,11.626,-0.27085841,3,1.707790457,,
PHXZ,1,-2.3811,0.485,-4.9094844,3,0.183296242,,
PKYR,1,1.277,1.051,1.2150333,3,2.018929983,,
PRJG,1,-1.643,0.161,-10.204969,3,-0.775795213,,
PUBS,1,-1.26,1.62,-0.77777779,3,-1.524909828,,
PVCC,1,187,59.223,3.157557,3,-0.425850066,,
QBYX,1,-3.905,2.584,-1.511223,3,0.183296242,,
QDZZ,1,-58.495,0.444,-131.7455,3,1.569461214,,
QFYA,1,-42.5456,50.855,-0.83660603,3,1.569461214,,
QKTL,1,-3.567,1.415,-2.520848,3,0.910015605,,
QLBB,1,3.48,3.88,0.89690721,3,2.018929983,,
QLGC,1,2.828,0.729,3.8792868,3,-1.824555674,,
QLQL,1,-1.696427,1.635172,-1.0374609,3,-2.295372739,,
QLWV,1,-0.653,0.13,-5.023077,3,-0.725495912,,
QTPF,1,16.567,64.995,0.25489652,3,-1.225263982,,
QWAS,1,-9.681,0.22,-44.004547,3,2.018929983,,
QXPZ,1,-9.95,0.49,-20.306122,3,-0.326326444,,
RDFJ,1,-8.615,3.655,-2.3570452,3,1.569461214,,
RLPD,1,18.95,1.59,11.918239,3,-1.84590397,,
RQFZ,1,-1.081,0.231,-4.6796536,3,0.333119165,,
SDJW,1,-2.866,0.649,-4.4160247,3,-1.83441029,,
SDKG,1,-1.08,0.137,-7.8832116,3,1.86910706,,
SEPC,1,4.35,1.038,4.1907516,3,-2.134056136,,
SYUY,1,0.28,0.365,0.76712328,3,-0.787288893,,
TBGV,1,-10.157,0.574,-17.695122,3,1.719284137,,
TJQM,1,2.315,1.208,1.9163908,3,-1.824555674,,
TKJI,1,1.089,4.197,0.25947106,3,-1.84590397,,
TOPR,1,-6.322,1.318,-4.7966614,3,0.011078067,,
TURQ,1,-1.439,0.63,-2.284127,3,-1.524909828,,
TWZE,1,-11.946,0.521,-22.928982,3,2.018929983,,
TXCM,1,-3.1854,2.9652,-1.0742614,3,-1.174964681,,
TXFR,1,-0.88,0.109,-8.0733948,3,1.707790457,,
TXXS,1,1.29,1.28,1.0078125,3,0.782587934,,
UFAO,1,1.271,0.281,4.5231318,3,-1.075441059,,
UISV,1,-0.76045,1.18171,-0.6435166,3,-2.733347828,,
UQYD,1,-0.736,0.194,-3.7938144,3,1.408144611,,
UTKY,1,-1.408,3.007,-0.46824077,3,-1.075441059,,
UXOU,1,11.04,18.449,0.59840643,3,1.719284137,,
VBXC,1,1.022,0.464,2.2025862,3,-0.41599545,,
VFDC,1,0.205,0.2041,1.0044096,3,-0.725495912,,
VHSY,1,-0.283,0.131,-2.1603053,3,-1.236757662,,
VUVW,1,-2.379,0.514,-4.6284046,3,0.632765011,,
WGMQ,1,-0.00079,0.013,-0.06076923,3,1.719284137,,
WYBV,1,-0.212,0.29,-0.73103446,3,2.018929983,,
XFUD,1,-3.395,4.139,-0.82024646,3,-2.744841508,,
XJQN,1,-8.876,0.155,-57.264515,3,1.86910706,,
XMDF,1,-0.036630072,0.009807466,-3.7349172,3,-0.127843284,,
XPUJ,1,-2.282,8.652,-0.26375404,3,-1.83441029,,
XVDF,1,0.478,1.015,0.47093597,3,-0.787288893,,
XYAZ,1,-0.55,0.305,-1.8032787,3,1.719284137,,
YDEI,1,-2.839,0.999,-2.8418419,3,0.798998303,,
YHDE,1,-1.148,0.445,-2.5797753,3,2.018929983,,
YRWI,1,-2.3,0.131,-17.557251,3,-0.886812515,,
YTDU,1,0.395,0.282,1.4007093,3,-1.375086905,,
YTEZ,1,-1.075,0.185,-5.810811,3,-1.225263982,,
ZAAZ,1,-0.217,0.105,-2.0666666,3,1.569461214,,
ZATN,1,-0.2,0.099,-2.0202019,3,-0.609561921,,
ZGYM,1,-5.16,0.294,-17.55102,3,-1.536403508,,
ZKFY,1,14.136,29.9,0.47277591,3,1.569461214,,
ZOHR,1,-1.204,0.472,-2.5508475,3,1.119992445,,
ZYIE,1,-0.796,0.078,-10.205129,3,2.018929983,,
AFES,2,8.062,6.734,1.1972082,3,1.569461214,,
AJRC,2,-0.611,0.361,-1.6925207,3,-0.63746597,,
AMHC,2,-3.518,17.517,-0.20083347,3,-2.134056136,,
ANXH,2,-1.085,0.146,-7.4315066,3,2.018929983,,
AOTG,2,-3.52,0.762,-4.6194224,3,-0.266172527,,
ASHN,2,-7.381,0.879,-8.3970423,3,1.419638291,,
AXUO,2,-0.689,6.346,-0.10857233,3,2.018929983,,
BBDS,2,-0.0862,0.00809,-10.655129,3,-2.134056136,,
BCCY,2,-3.481,0.74,-4.7040539,3,0.471448408,,
BCLX,2,-0.158,0.016,-9.875,3,0.183296242,,
BERH,2,-13.726,1.3985,-9.8148012,3,0.610369759,,
BJMG,2,-0.000192,0.000161,-1.1925466,3,0.960314906,,
BMGE,2,-3.9878,1.3194,-3.0224345,3,-1.375086905,,
BMVK,2,-4.178,0.663,-6.3016591,3,-2.433701982,,
BUKS,2,-2.65,6.64,-0.3990964,3,-1.684587367,,
BYCV,2,-1.234,1.8241,-0.676498,3,-0.875318835,,
CBIP,2,6.135,3.729,1.6452132,3,0.16090099,,
CBYS,2,-5.4743,0.9512,-5.7551513,3,-0.476149367,,
CCPO,2,-11.99,2.753,-4.3552489,3,-0.298422395,,
CGHP,2,-4.632,1.172,-3.9522185,3,2.018929983,,
CIIE,2,-5.904,0.0065,-908.30768,3,-0.565818373,,
CKPF,2,-6.78,1.069,-6.3423762,3,0.958675842,,
CMMG,2,-7.115,0.44,-16.170454,3,-0.63746597,,
CNYO,2,-2.743,1.666,-1.6464586,3,-0.62597229,,
COQM,2,-5.384,0.672,-8.0119047,3,-1.075441059,,
CUSM,2,-1.109,3.298,-0.3362644,3,-1.235118598,,
CVZM,2,-0.119,4.706,-0.025286868,3,-1.684587367,,
CXHI,2,-6.898,6.656,-1.0363581,3,1.419638291,,
DBVU,2,2.323,0.344,6.7529068,3,1.408144611,,
DCJM,2,-6.167,2.037,-3.0274913,3,1.269815368,,
DEXO,2,-7.559,0.861,-8.7793264,3,-1.225263982,,
DQAG,2,-2.592,2.734,-0.94806147,3,-2.433701982,,
DVAE,2,-0.00096,0.00012,-8,3,1.569461214,,
EJWM,2,-9.069,1.266,-7.163507,3,0.670523676,,
EONY,2,-8.088,3.394,-2.383029,3,0.610369759,,
EVGS,2,-6.245,5.875,-1.0629787,3,0.199706611,,
EZBJ,2,-6.476,0.829,-7.8118215,3,0.632765011,,
EZRL,2,0.0106,0.0322,0.32919255,3,-2.295372739,,
FFHG,2,21.002,74.786,0.28082797,3,2.018929983,,
FFKM,2,-5.61,0.992,-5.655242,3,0.033473319,,
FHEW,2,-8.13,0.216,-37.638889,3,2.018929983,,
FNTW,2,-1.087,9.914,-0.10964293,3,2.018929983,,
FRXI,2,-3.124,0.611,-5.1129298,3,-0.326326444,,
FTRF,2,13.24,2.487,5.3236833,3,1.108498765,,
GIPP,2,2.497,1.527,1.6352324,3,-0.62597229,,
GRFN,2,-1.534,3.459,-0.44348079,3,1.707790457,,
GTPQ,2,2.474,3.136,0.78890306,3,1.569461214,,
GXEN,2,23.498,7.127,3.2970395,3,-0.775795213,,
GZFF,2,-5.537,2.946,-1.8794976,3,1.569461214,,
HEGK,2,0.277,0.975,0.28410256,3,-0.62597229,,
HEVE,2,-3.372,1.144,-2.9475524,3,-1.84590397,,
HKIO,2,-6.4704,0.8129,-7.9596505,3,0.183296242,,
HMEP,2,-0.014,0.071,-0.1971831,3,-1.375086905,,
HVXK,2,0.908,0.368,2.4673913,3,1.569461214,,
IIVX,2,1.969,1.67,1.1790419,3,-0.288567779,,
IMLY,2,2.046,9.952,0.20558682,3,1.269815368,,
IWSS,2,-4.613,0.285,-16.185965,3,-0.925618136,,
JAAQ,2,0.00001,0.00792,0.001262626,3,-0.925618136,,
JARZ,2,-23.196,73.192,-0.31691989,3,-0.775795213,,
JFYE,2,-5.96,1.19,-5.0084033,3,0.299230233,,
JGAO,2,-3.795,3.861,-0.98290598,3,1.719284137,,
JGKG,2,-6.454,1.707,-3.7809021,3,-0.937111816,,
JPCI,2,-0.006271,0.007818,-0.80212331,3,-0.937111816,,
JVQU,2,1.537,2.213,0.69453233,3,0.820346599,,
JYUR,2,-6.865,0.638,-10.760188,3,-1.84590397,,
KHSV,2,-6.901,0.522,-13.220306,3,-1.984233213,,
KJCY,2,-23.402,15.466,-1.5131255,3,-0.425850066,,
KJMR,2,8.601,6.505,1.3222136,3,1.719284137,,
KJNQ,2,-1.93,5.025,-0.38407961,3,-1.236757662,,
KSUJ,2,-1.935,2.014,-0.9607746,3,-0.775795213,,
KWUT,2,-0.057,0.022,-2.590909,3,-0.277666207,,
KZPU,2,7.9615,10.9798,0.72510427,3,0.310723913,,
LBOM,2,11.08,9.02,1.2283814,3,0.033473319,,
LHIK,2,-5.685,6.539,-0.86939901,3,-0.775795213,,
LKWD,2,-7.919,2.008,-3.9437251,3,1.569461214,,
LQUT,2,0.3,5.98,0.050167225,3,0.970169522,,
LTMC,2,-0.594,5.867,-0.10124425,3,-1.075441059,,
LXOK,2,-0.00073,0.00016,-4.5625,3,-0.725495912,,
LYOD,2,-5.9723,5.3633,-1.1135495,3,2.018929983,,
LZHZ,2,-1.3077,3.0894,-0.42328608,3,-1.674732751,,
LZWO,2,-6.254,0.832,-7.5168271,3,1.108498765,,
MFWS,2,7.096,8.162,0.86939478,3,1.269815368,,
MLNS,2,10.862,10.02,1.0840319,3,-0.575672989,,
MOUZ,2,2.455,0.495,4.9595962,3,1.719284137,,
MRYE,2,0.35,1.284,0.27258566,3,1.719284137,,
MSBZ,2,-9.042,3.352,-2.697494,3,1.119992445,,
NCBZ,2,3.058,2.241,1.3645694,3,1.569461214,,
NCPN,2,-2.659,0.481,-5.5280666,3,-2.1356952,,
NDCU,2,-2.074,0.55,-3.7709091,3,-1.824555674,,
NEJA,2,25.153,50.045,0.50260764,3,-1.474610527,,
NHZL,2,-4.984,5.114,-0.97457957,3,-0.775795213,,
NOLD,2,3.00851E-06,2.92942E-06,1.0270001,3,1.419638291,,
NPJH,2,-0.00125,0.00141,-0.8865248,3,-0.937111816,,
NRJN,2,-0.0646,0.0162,-3.9876542,3,0.471448408,,
NSPO,2,4.153,5.96,0.69681209,3,-1.524909828,,
NUYK,2,-2.74,0.786,-3.4860051,3,-0.937111816,,
OATA,2,-109.08,41.74,-2.6133206,3,-1.995726893,,
OCTX,2,0.027,0.018,1.5,3,-0.62597229,,
ORMQ,2,-2.8161,0.3836,-7.3412409,3,-1.375086905,,
OSIC,2,-7.947,1.36,-5.8433824,3,0.598876079,,
OWMB,2,-0.246,0.085,-2.8941176,3,0.610369759,,
OYIG,2,-1.801,0.974,-1.849076,3,2.018929983,,
PDMO,2,-10.467,1.18,-8.8703394,3,-0.775795213,,
PEJY,2,-3.455,7.06,-0.48937678,3,1.707790457,,
PHXZ,2,-0.8281,0.591,-1.4011844,3,0.183296242,,
PKYR,2,-8.442,1.338,-6.3094172,3,2.018929983,,
PRJG,2,0.202,0.065,3.1076922,3,-0.775795213,,
PUBS,2,-9.953,3.004,-3.3132491,3,-1.524909828,,
PVCC,2,-186074,188404,-0.98763293,3,-0.425850066,,
QBYX,2,0.0001565,0.0000538,2.908922,3,0.183296242,,
QDZZ,2,0.8,0.000146,5479.4521,3,1.569461214,,
QFYA,2,-1.8703,8.3862,-0.22302115,3,1.569461214,,
QKTL,2,-6.831,6.21,-1.1,3,0.910015605,,
QLBB,2,-3.3,9.95,-0.3316583,3,2.018929983,,
QLGC,2,-5.84,3.82,-1.5287958,3,-1.824555674,,
QLQL,2,-0.003977,0.000782,-5.0856776,3,-2.295372739,,
QLWV,2,-0.431,0.077,-5.5974026,3,-0.725495912,,
QTPF,2,-4.513,24.839,-0.18169008,3,-1.225263982,,
QWAS,2,2.278,2.038,1.1177626,3,2.018929983,,
QXPZ,2,-0.98,0.22,-4.4545455,3,-0.326326444,,
RDFJ,2,-6.031,1.52,-3.9677632,3,1.569461214,,
RLPD,2,7.76,3.99,1.9448621,3,-1.84590397,,
RQFZ,2,-3.374,0.942,-3.5817411,3,0.333119165,,
SDJW,2,0.435,0.354,1.2288135,3,-1.83441029,,
SDKG,2,0.098,0.142,0.69014084,3,1.86910706,,
SEPC,2,2.48,0.45,5.5111113,3,-2.134056136,,
SYUY,2,-8.873,0.635,-13.973228,3,-0.787288893,,
TBGV,2,-4.059,0.65,-6.2446156,3,1.719284137,,
TJQM,2,-6.667,0.471,-14.154989,3,-1.824555674,,
TKJI,2,-0.000042,0.0000901,-0.46614873,3,-1.84590397,,
TOPR,2,1098,394.8,2.7811551,3,0.011078067,,
TURQ,2,-4.657,1.836,-2.5364923,3,-1.524909828,,
TWZE,2,7.172,1.963,3.6535914,3,2.018929983,,
TXCM,2,-2.5801,0.6851,-3.7660196,3,-1.174964681,,
TXFR,2,-1.36,0.43,-3.1627908,3,1.707790457,,
TXXS,2,12.35,0.78,15.833333,3,0.782587934,,
UFAO,2,-7.775,1.065,-7.3004694,3,-1.075441059,,
UISV,2,0.00738,0.16802,0.043923341,3,-2.733347828,,
UQYD,2,-0.318,0.037,-8.594595,3,1.408144611,,
UTKY,2,-3.539,0.575,-6.1547828,3,-1.075441059,,
UXOU,2,-90.099,128.187,-0.70287156,3,1.719284137,,
VBXC,2,-8.199,0.763,-10.745741,3,-0.41599545,,
VFDC,2,0.064,0.033,1.939394,3,-0.725495912,,
VHSY,2,-0.022,0.011,-2,3,-1.236757662,,
VUVW,2,-0.575,0.918,-0.62636167,3,0.632765011,,
WGMQ,2,-0.00065,0.00021,-3.0952382,3,1.719284137,,
WYBV,2,-2.328,0.48,-4.8499999,3,2.018929983,,
XFUD,2,14.774,31.105,0.47497186,3,-2.744841508,,
XJQN,2,-3.22,0.558,-5.7706094,3,1.86910706,,
XMDF,2,2.19E-08,2.48E-09,8.8306456,3,-0.127843284,,
XPUJ,2,19.911,35.762,0.55676419,3,-1.83441029,,
XVDF,2,0.432,9.965,0.043351732,3,-0.787288893,,
XYAZ,2,-6.449,1.333,-4.8379593,3,1.719284137,,
YDEI,2,-4.433,1.959,-2.2628891,3,0.798998303,,
YHDE,2,-2.406,1.968,-1.222561,3,2.018929983,,
YRWI,2,-1.763,0.186,-9.4784946,3,-0.886812515,,
YTDU,2,-4.765,0.175,-27.228571,3,-1.375086905,,
YTEZ,2,-2.212,0.246,-8.9918699,3,-1.225263982,,
ZAAZ,2,-0.477,0.704,-0.67755681,3,1.569461214,,
ZATN,2,0.00298,0.00388,0.76804125,3,-0.609561921,,
ZGYM,2,-9.281,0.639,-14.524257,3,-1.536403508,,
ZKFY,2,1.118,10.885,0.10271015,3,1.569461214,,
ZOHR,2,0.096,0.449,0.21380846,3,1.119992445,,
ZYIE,2,3.788,0.477,7.9412999,3,2.018929983,,
AFES,3,-3.299,1.934,-1.7057911,3,1.569461214,,
AJRC,3,-3.721,0.121,-30.752066,3,-0.63746597,,
AMHC,3,-0.109,2.48,-0.043951612,3,-2.134056136,,
ANXH,3,-3.801,0.125,-30.408001,3,2.018929983,,
AOTG,3,-3.734,0.078,-47.871796,3,-0.266172527,,
ASHN,3,-3.962,0.164,-24.158537,3,1.419638291,,
AXUO,3,-2.586,1.481,-1.7461175,3,2.018929983,,
BBDS,3,-0.0138,0.00193,-7.150259,3,-2.134056136,,
BCCY,3,-3.815,0.134,-28.47015,3,0.471448408,,
BCLX,3,-3.771,0.099,-38.090908,3,0.183296242,,
BERH,3,-3.7747,0.2937,-12.85223,3,0.610369759,,
BJMG,3,-1.612,0.167,-9.6526947,3,0.960314906,,
BMGE,3,-3.742,0.336,-11.136905,3,-1.375086905,,
BMVK,3,-2.881,0.157,-18.350319,3,-2.433701982,,
BUKS,3,0.018,0.54,0.033333335,3,-1.684587367,,
BYCV,3,-1.02,0.0283,-36.042404,3,-0.875318835,,
CBIP,3,-0.173,0.149,-1.1610738,3,0.16090099,,
CBYS,3,-4.3155,0.4762,-9.0623684,3,-0.476149367,,
CCPO,3,-3.72,0.128,-29.0625,3,-0.298422395,,
CGHP,3,-3.792,0.306,-12.392157,3,2.018929983,,
CIIE,3,-0.532,0.00014,-3800,3,-0.565818373,,
CKPF,3,-4.145,0.366,-11.325136,3,0.958675842,,
CMMG,3,-5.98,0.102,-58.627453,3,-0.63746597,,
CNYO,3,-0.901,0.01,-90.099998,3,-0.62597229,,
COQM,3,-2.648,0.088,-30.09091,3,-1.075441059,,
CUSM,3,-3.377,0.958,-3.5250523,3,-1.235118598,,
CVZM,3,-1.452,0.185,-7.8486485,3,-1.684587367,,
CXHI,3,-3.432,1.995,-1.7203008,3,1.419638291,,
DBVU,3,-3.764,0.095,-39.621052,3,1.408144611,,
DCJM,3,-3.718,0.293,-12.68942,3,1.269815368,,
DEXO,3,-3.721,0.269,-13.832714,3,-1.225263982,,
DQAG,3,-2.883,0.038,-75.868423,3,-2.433701982,,
DVAE,3,-4.36,0.472,-9.2372885,3,1.569461214,,
EJWM,3,-3.795,0.268,-14.160448,3,0.670523676,,
EONY,3,-3.324,2.027,-1.6398618,3,0.610369759,,
EVGS,3,-3.44,0.999,-3.4434435,3,0.199706611,,
EZBJ,3,-3.928,0.136,-28.882353,3,0.632765011,,
EZRL,3,-4.661,1.011,-4.6102867,3,-2.295372739,,
FFHG,3,-3.318,2.053,-1.6161715,3,2.018929983,,
FFKM,3,-3.742,0.307,-12.188925,3,0.033473319,,
FHEW,3,-0.39,0.086,-4.5348835,3,2.018929983,,
FNTW,3,-2.524,1.755,-1.4381766,3,2.018929983,,
FRXI,3,-1.312,0.092,-14.26087,3,-0.326326444,,
FTRF,3,-3.655,0.179,-20.418995,3,1.108498765,,
GIPP,3,-2.779,1.207,-2.3024027,3,-0.62597229,,
GRFN,3,-3.723,0.27,-13.788889,3,1.707790457,,
GTPQ,3,-3.305,0.696,-4.7485633,3,1.569461214,,
GXEN,3,-3.832,0.111,-34.522522,3,-0.775795213,,
GZFF,3,-3.896,0.146,-26.684931,3,1.569461214,,
HEGK,3,-1.311,0.084,-15.607142,3,-0.62597229,,
HEVE,3,-1.308,0.13,-10.061539,3,-1.84590397,,
HKIO,3,-3.8858,0.2677,-14.515502,3,0.183296242,,
HMEP,3,-1.585,1.332,-1.18994,3,-1.375086905,,
HVXK,3,-0.402,0.012,-33.5,3,1.569461214,,
IIVX,3,-3.883,0.285,-13.624561,3,-0.288567779,,
IMLY,3,-3.437,1.934,-1.7771459,3,1.269815368,,
IWSS,3,-6.936,0.093,-74.580643,3,-0.925618136,,
JAAQ,3,-3.324,7.602,-0.43725336,3,-0.925618136,,
JARZ,3,-2.099,20.153,-0.10415323,3,-0.775795213,,
JFYE,3,-2.582,0.151,-17.099339,3,0.299230233,,
JGAO,3,-3.206,2.043,-1.5692608,3,1.719284137,,
JGKG,3,-3.759,0.145,-25.924137,3,-0.937111816,,
JPCI,3,-3.735,0.124,-30.120968,3,-0.937111816,,
JVQU,3,-1.799,0.314,-5.7292995,3,0.820346599,,
JYUR,3,-1.292,0.051,-25.333334,3,-1.84590397,,
KHSV,3,-3.825,0.171,-22.368422,3,-1.984233213,,
KJCY,3,-4.241,2.197,-1.9303596,3,-0.425850066,,
KJMR,3,-3.588,0.111,-32.324326,3,1.719284137,,
KJNQ,3,0.058,2.973,0.019508913,3,-1.236757662,,
KSUJ,3,-2.817,0.943,-2.9872746,3,-0.775795213,,
KWUT,3,-3.758,0.132,-28.469696,3,-0.277666207,,
KZPU,3,-3.8545,0.1525,-25.27541,3,0.310723913,,
LBOM,3,-3.31,1.94,-1.7061856,3,0.033473319,,
LHIK,3,-3.934,2.035,-1.9331695,3,-0.775795213,,
LKWD,3,-3.773,0.381,-9.9028873,3,1.569461214,,
LQUT,3,-3.32,1.89,-1.7566137,3,0.970169522,,
LTMC,3,-2.974,0.965,-3.0818653,3,-1.075441059,,
LXOK,3,-1.3,0.05,-26,3,-0.725495912,,
LYOD,3,-3.7611,0.3324,-11.314982,3,2.018929983,,
LZHZ,3,-3.752,0.308,-12.181818,3,-1.674732751,,
LZWO,3,-2.594,0.498,-5.2088351,3,1.108498765,,
MFWS,3,-3.198,2.038,-1.5691855,3,1.269815368,,
MLNS,3,-2.22,1.58,-1.4050633,3,-0.575672989,,
MOUZ,3,-2.002,0.369,-5.4254742,3,1.719284137,,
MRYE,3,-3.785,0.302,-12.533113,3,1.719284137,,
MSBZ,3,-3.649,0.318,-11.474843,3,1.119992445,,
NCBZ,3,-2.084,0.83,-2.5108433,3,1.569461214,,
NCPN,3,-3.754,0.125,-30.032,3,-2.1356952,,
NDCU,3,-3.763,0.132,-28.507576,3,-1.824555674,,
NEJA,3,-3.47,1.991,-1.7428428,3,-1.474610527,,
NHZL,3,-3.792,0.386,-9.8238344,3,-0.775795213,,
NOLD,3,-0.000164746,4.65464E-05,-3.5393877,3,1.419638291,,
NPJH,3,4.85,1.536,3.157552,3,-0.937111816,,
NRJN,3,-0.378,0.0757,-4.9933949,3,0.471448408,,
NSPO,3,-2.307,1.596,-1.4454887,3,-1.524909828,,
NUYK,3,-3.702,0.124,-29.854839,3,-0.937111816,,
OATA,3,-3.722,0.346,-10.757225,3,-1.995726893,,
OCTX,3,-0.22,0.023,-9.565217,3,-0.62597229,,
ORMQ,3,-1.3133,0.0417,-31.494005,3,-1.375086905,,
OSIC,3,-3.804,0.281,-13.537367,3,0.598876079,,
OWMB,3,-1.299,0.126,-10.309524,3,0.610369759,,
OYIG,3,-3.802,0.301,-12.631229,3,2.018929983,,
PDMO,3,-1.337,0.157,-8.5159235,3,-0.775795213,,
PEJY,3,-3.438,1.997,-1.7215824,3,1.707790457,,
PHXZ,3,-3.7745,0.128,-29.488281,3,0.183296242,,
PKYR,3,-3.745,0.131,-28.587786,3,2.018929983,,
PRJG,3,-1.305,0.039,-33.46154,3,-0.775795213,,
PUBS,3,-3.868,0.578,-6.6920414,3,-1.524909828,,
PVCC,3,-2.058,0.272,-7.5661764,3,-0.425850066,,
QBYX,3,-3.768,0.373,-10.101876,3,0.183296242,,
QDZZ,3,-3.172,0.00116,-2734.4827,3,1.569461214,,
QFYA,3,-3.4351,1.9292,-1.7805827,3,1.569461214,,
QKTL,3,-0.98,0.044,-22.272728,3,0.910015605,,
QLBB,3,-0.01,0.59,-0.016949153,3,2.018929983,,
QLGC,3,-4.015,0.499,-8.046092,3,-1.824555674,,
QLQL,3,-1.311504,0.147504,-8.8913116,3,-2.295372739,,
QLWV,3,-0.41,0.14,-2.9285715,3,-0.725495912,,
QTPF,3,-3.425,7.62,-0.44947508,3,-1.225263982,,
QWAS,3,-6.03,0.328,-18.384146,3,2.018929983,,
QXPZ,3,-2.93,0.08,-36.625,3,-0.326326444,,
RDFJ,3,-3.672,0.345,-10.643478,3,1.569461214,,
RLPD,3,66.7,1.19,56.050419,3,-1.84590397,,
RQFZ,3,-2.676,0.087,-30.758621,3,0.333119165,,
SDJW,3,-1.311,0.127,-10.322835,3,-1.83441029,,
SDKG,3,1.761,0.264,6.6704545,3,1.86910706,,
SEPC,3,-2.538,0.209,-12.14354,3,-2.134056136,,
SYUY,3,-3.812,0.127,-30.015749,3,-0.787288893,,
TBGV,3,-3.799,0.128,-29.679688,3,1.719284137,,
TJQM,3,-3.81,0.125,-30.48,3,-1.824555674,,
TKJI,3,-1.303,0.131,-9.9465647,3,-1.84590397,,
TOPR,3,-20.29,1.043,-19.453499,3,0.011078067,,
TURQ,3,-3.732,0.361,-10.33795,3,-1.524909828,,
TWZE,3,-3.862,0.042,-91.952377,3,2.018929983,,
TXCM,3,-1.8529,0.2349,-7.8880377,3,-1.174964681,,
TXFR,3,-1.32,0.05,-26.4,3,1.707790457,,
TXXS,3,0.89,0.81,1.0987654,3,0.782587934,,
UFAO,3,-2.869,0.074,-38.770271,3,-1.075441059,,
UISV,3,-1.2506,0.79634,-1.5704347,3,-2.733347828,,
UQYD,3,-3.324,0.093,-35.741936,3,1.408144611,,
UTKY,3,-2.917,0.226,-12.90708,3,-1.075441059,,
UXOU,3,-117.474,378.821,-0.31010425,3,1.719284137,,
VBXC,3,-1.306,0.15,-8.7066669,3,-0.41599545,,
VFDC,3,-1.307,0.057,-22.929825,3,-0.725495912,,
VHSY,3,-1.293,0.125,-10.344,3,-1.236757662,,
VUVW,3,-3.864,0.36,-10.733334,3,0.632765011,,
WGMQ,3,-1.315,0.114,-11.535088,3,1.719284137,,
WYBV,3,-3.052,0.277,-11.01805,3,2.018929983,,
XFUD,3,-3.416,1.965,-1.7384224,3,-2.744841508,,
XJQN,3,-3.819,0.104,-36.721153,3,1.86910706,,
XMDF,3,3.54E-08,4.26E-08,0.8309859,3,-0.127843284,,
XPUJ,3,-3.438,1.997,-1.7215824,3,-1.83441029,,
XVDF,3,-3.458,1.969,-1.7562214,3,-0.787288893,,
XYAZ,3,-3.767,0.305,-12.35082,3,1.719284137,,
YDEI,3,-3.748,0.0485,-77.278351,3,0.798998303,,
YHDE,3,-1.304,0.131,-9.9541988,3,2.018929983,,
YRWI,3,-3.996,0.045,-88.800003,3,-0.886812515,,
YTDU,3,-2.651,0.027,-98.185188,3,-1.375086905,,
YTEZ,3,-4.017,0.141,-28.489361,3,-1.225263982,,
ZAAZ,3,-0.227,0.05598,-4.0550199,3,1.569461214,,
ZATN,3,-1.279,0.115,-11.121739,3,-0.609561921,,
ZGYM,3,-3.765,0.041,-91.829269,3,-1.536403508,,
ZKFY,3,-3.155,1.018,-3.0992141,3,1.569461214,,
ZOHR,3,-1.378,0.116,-11.879311,3,1.119992445,,
ZYIE,3,-3.864,0.203,-19.034483,3,2.018929983,,
AFES,4,7.094,5.108,1.3888019,3,1.569461214,,
AJRC,4,1.78,1.043,1.7066156,3,-0.63746597,,
AMHC,4,-9.307,4.456,-2.0886445,3,-2.134056136,,
ANXH,4,-1.389,0.22,-6.3136363,3,2.018929983,,
AOTG,4,-2.752,0.861,-3.1962833,3,-0.266172527,,
ASHN,4,-3.783,0.509,-7.43222,3,1.419638291,,
AXUO,4,245.905,237.606,1.0349276,3,2.018929983,,
BBDS,4,-0.0423,0.0146,-2.8972602,3,-2.134056136,,
BCCY,4,-0.835,0.314,-2.6592357,3,0.471448408,,
BCLX,4,0.032,0.026,1.2307693,3,0.183296242,,
BERH,4,-8.5613,1.7101,-5.0063152,3,0.610369759,,
BJMG,4,-0.00152,0.00125,-1.216,3,0.960314906,,
BMGE,4,-2.9373,1.4523,-2.022516,3,-1.375086905,,
BMVK,4,0.19,0.576,0.3298611,3,-2.433701982,,
BUKS,4,-13.3,8.81,-1.5096481,3,-1.684587367,,
BYCV,4,0.4316,1.1914,0.36226287,3,-0.875318835,,
CBIP,4,0.884,3.813,0.23183845,3,0.16090099,,
CBYS,4,-3.0511,1.3328,-2.2892406,3,-0.476149367,,
CCPO,4,-9.346,2.912,-3.2094781,3,-0.298422395,,
CGHP,4,-2.046,1.236,-1.6553398,3,2.018929983,,
CIIE,4,-1.76,0.011,-160,3,-0.565818373,,
CKPF,4,-6.867,1.353,-5.075388,3,0.958675842,,
CMMG,4,-5.832,0.53,-11.003774,3,-0.63746597,,
CNYO,4,-0.538,1.657,-0.32468316,3,-0.62597229,,
COQM,4,-1.504,0.578,-2.6020761,3,-1.075441059,,
CUSM,4,-1.143,3.255,-0.35115206,3,-1.235118598,,
CVZM,4,4.541,7.193,0.6313082,3,-1.684587367,,
CXHI,4,-0.346,6.562,-0.052727826,3,1.419638291,,
DBVU,4,2.249,0.345,6.5188408,3,1.408144611,,
DCJM,4,-3.394,1.467,-2.313565,3,1.269815368,,
DEXO,4,-3.027,1.005,-3.0119402,3,-1.225263982,,
DQAG,4,2.22,4.727,0.46964249,3,-2.433701982,,
DVAE,4,-0.0013,0.00046,-2.826087,3,1.569461214,,
EJWM,4,-6.807,1.342,-5.0722804,3,0.670523676,,
EONY,4,-5.847,3.388,-1.7257969,3,0.610369759,,
EVGS,4,-2.098,3.171,-0.66162091,3,0.199706611,,
EZBJ,4,-4.128,0.713,-5.7896214,3,0.632765011,,
EZRL,4,0.0255,0.0584,0.43664384,3,-2.295372739,,
FFHG,4,-3.913,135.41,-0.028897423,3,2.018929983,,
FFKM,4,-1.689,0.728,-2.320055,3,0.033473319,,
FHEW,4,-4.902,3.039,-1.6130306,3,2.018929983,,
FNTW,4,-0.345,9.631,-0.035821825,3,2.018929983,,
FRXI,4,-3.207,1.05,-3.0542858,3,-0.326326444,,
FTRF,4,18.707,2.484,7.5309982,3,1.108498765,,
GIPP,4,3.369,1.831,1.8399781,3,-0.62597229,,
GRFN,4,5.578,4.462,1.2501121,3,1.707790457,,
GTPQ,4,2.116,2.233,0.94760412,3,1.569461214,,
GXEN,4,7.299,1.279,5.7068024,3,-0.775795213,,
GZFF,4,0.301,1.822,0.16520308,3,1.569461214,,
HEGK,4,2.709,2.379,1.1387137,3,-0.62597229,,
HEVE,4,-4.752,2.052,-2.3157895,3,-1.84590397,,
HKIO,4,-2.505,1.05,-2.3857143,3,0.183296242,,
HMEP,4,-0.012,0.119,-0.10084034,3,-1.375086905,,
HVXK,4,0.128,0.021,6.0952382,3,1.569461214,,
IIVX,4,1.88,1.982,0.94853681,3,-0.288567779,,
IMLY,4,0.985,9.382,0.10498828,3,1.269815368,,
IWSS,4,-8.588,0.58,-14.806896,3,-0.925618136,,
JAAQ,4,0.00012,0.00835,0.014371257,3,-0.925618136,,
JARZ,4,-11.586,43.968,-0.26350984,3,-0.775795213,,
JFYE,4,-5.961,1.19,-5.0092435,3,0.299230233,,
JGAO,4,0.007,3.353,0.002087683,3,1.719284137,,
JGKG,4,-3.64,1.117,-3.2587287,3,-0.937111816,,
JPCI,4,-0.008874,0.008112,-1.0939349,3,-0.937111816,,
JVQU,4,6.27,2.434,2.5760067,3,0.820346599,,
JYUR,4,-5.42,1.258,-4.3084259,3,-1.84590397,,
KHSV,4,-3.735,0.397,-9.4080601,3,-1.984233213,,
KJCY,4,-33.366,20.402,-1.635428,3,-0.425850066,,
KJMR,4,9.876,3.015,3.2756219,3,1.719284137,,
KJNQ,4,-0.36,4.145,-0.086851627,3,-1.236757662,,
KSUJ,4,0.694,2.157,0.32174316,3,-0.775795213,,
KWUT,4,-0.002,0.041,-0.048780486,3,-0.277666207,,
KZPU,4,-7.6432,10.737,-0.71185619,3,0.310723913,,
LBOM,4,6.96,3.78,1.8412699,3,0.033473319,,
LHIK,4,-2.868,3.513,-0.81639624,3,-0.775795213,,
LKWD,4,-4.497,1.256,-3.5804141,3,1.569461214,,
LQUT,4,0.37,5.68,0.065140843,3,0.970169522,,
LTMC,4,-0.879,4.478,-0.19629298,3,-1.075441059,,
LXOK,4,-0.0012,0.00033,-3.6363637,3,-0.725495912,,
LYOD,4,10.6789,5.073,2.1050463,3,2.018929983,,
LZHZ,4,-2.0688,2.8843,-0.71726245,3,-1.674732751,,
LZWO,4,-3.35,1.345,-2.4907062,3,1.108498765,,
MFWS,4,7.242,6.609,1.0957785,3,1.269815368,,
MLNS,4,9.459,6.923,1.3663151,3,-0.575672989,,
MOUZ,4,4.766,2.843,1.6763982,3,1.719284137,,
MRYE,4,3.18,0.961,3.3090532,3,1.719284137,,
MSBZ,4,-3.777,3.168,-1.1922349,3,1.119992445,,
NCBZ,4,1.845,0.747,2.4698796,3,1.569461214,,
NCPN,4,-5.399,1.433,-3.7676203,3,-2.1356952,,
NDCU,4,-1.956,0.56,-3.4928572,3,-1.824555674,,
NEJA,4,-193.421,110.635,-1.7482804,3,-1.474610527,,
NHZL,4,-2.691,5.366,-0.50149089,3,-0.775795213,,
NOLD,4,6.67783E-06,1.51841E-06,4.3979154,3,1.419638291,,
NPJH,4,0.0013,0.00105,1.2380953,3,-0.937111816,,
NRJN,4,-0.0484,0.0278,-1.7410072,3,0.471448408,,
NSPO,4,4.679,5.059,0.92488635,3,-1.524909828,,
NUYK,4,0.695,0.386,1.8005182,3,-0.937111816,,
OATA,4,-61.856,37.854,-1.6340678,3,-1.995726893,,
OCTX,4,0.092,0.025,3.6800001,3,-0.62597229,,
ORMQ,4,-0.9531,0.2947,-3.2341363,3,-1.375086905,,
OSIC,4,-5.08,0.976,-5.2049179,3,0.598876079,,
OWMB,4,-0.449,0.177,-2.5367231,3,0.610369759,,
OYIG,4,0.359,0.818,0.43887532,3,2.018929983,,
PDMO,4,-7.144,1.2,-5.9533334,3,-0.775795213,,
PEJY,4,-2.113,3.522,-0.59994322,3,1.707790457,,
PHXZ,4,-0.7491,0.587,-1.2761499,3,0.183296242,,
PKYR,4,-7.486,1.348,-5.5534124,3,2.018929983,,
PRJG,4,0.498,0.05,9.96,3,-0.775795213,,
PUBS,4,-12.135,3.448,-3.5194316,3,-1.524909828,,
PVCC,4,-6275383,6274203,-1.0001881,3,-0.425850066,,
QBYX,4,0.000265,0.000109,2.4311926,3,0.183296242,,
QDZZ,4,1.06,0.000207,5120.7729,3,1.569461214,,
QFYA,4,1.7008,12.0575,0.14105743,3,1.569461214,,
QKTL,4,-8.494,8.997,-0.94409245,3,0.910015605,,
QLBB,4,-1.17,11.2,-0.10446429,3,2.018929983,,
QLGC,4,-0.496,2.298,-0.21583986,3,-1.824555674,,
QLQL,4,-0.001195,0.000225,-5.311111,3,-2.295372739,,
QLWV,4,-0.474,0.081,-5.8518519,3,-0.725495912,,
QTPF,4,3.315,25.037,0.13240404,3,-1.225263982,,
QWAS,4,1.139,2.214,0.51445347,3,2.018929983,,
QXPZ,4,27.5,0.47,58.510639,3,-0.326326444,,
RDFJ,4,-2.989,0.751,-3.9800267,3,1.569461214,,
RLPD,4,4.54,3.24,1.4012346,3,-1.84590397,,
RQFZ,4,1.945,1.869,1.0406635,3,0.333119165,,
SDJW,4,-0.331,1.148,-0.28832752,3,-1.83441029,,
SDKG,4,0.047,0.182,0.25824177,3,1.86910706,,
SEPC,4,-3.223,0.768,-4.1966147,3,-2.134056136,,
SYUY,4,-5.842,0.398,-14.678392,3,-0.787288893,,
TBGV,4,-3.738,0.82,-4.5585365,3,1.719284137,,
TJQM,4,-7.974,0.504,-15.821428,3,-1.824555674,,
TKJI,4,-0.000163,0.000225,-0.72444445,3,-1.84590397,,
TOPR,4,302.4,109.5,2.7616439,3,0.011078067,,
TURQ,4,-4.291,2.149,-1.9967427,3,-1.524909828,,
TWZE,4,5.967,0.693,8.6103897,3,2.018929983,,
TXCM,4,-0.2623,0.3,-0.87433332,3,-1.174964681,,
TXFR,4,-0.99,0.888,-1.1148648,3,1.707790457,,
TXXS,4,6.6,1.24,5.3225808,3,0.782587934,,
UFAO,4,-4.097,1.146,-3.5750437,3,-1.075441059,,
UISV,4,0.00653,0.46209,0.014131446,3,-2.733347828,,
UQYD,4,-0.428,0.074,-5.7837839,3,1.408144611,,
UTKY,4,-1.961,0.301,-6.5149503,3,-1.075441059,,
UXOU,4,-9.741,13.948,-0.6983797,3,1.719284137,,
VBXC,4,-2.667,1.896,-1.4066455,3,-0.41599545,,
VFDC,4,0.052,0.036,1.4444444,3,-0.725495912,,
VHSY,4,-0.038,0.033,-1.1515151,3,-1.236757662,,
VUVW,4,-0.132,0.606,-0.21782178,3,0.632765011,,
WGMQ,4,-0.00076,0.00025,-3.04,3,1.719284137,,
WYBV,4,0.097,0.959,0.10114703,3,2.018929983,,
XFUD,4,15.161,31.611,0.47961152,3,-2.744841508,,
XJQN,4,1.087,0.442,2.459276,3,1.86910706,,
XMDF,4,1.51E-08,2.09E-10,72.248802,3,-0.127843284,,
XPUJ,4,20.231,21.943,0.92197967,3,-1.83441029,,
XVDF,4,-1.444,10.359,-0.1393957,3,-0.787288893,,
XYAZ,4,-4.119,1.317,-3.1275628,3,1.719284137,,
YDEI,4,0.000173,0.000147,1.1768707,3,0.798998303,,
YHDE,4,0.733,1.405,0.52170819,3,2.018929983,,
YRWI,4,-0.003,0.149,-0.020134227,3,-0.886812515,,
YTDU,4,-2.793,0.1,-27.93,3,-1.375086905,,
YTEZ,4,2.268,1.875,1.2096,3,-1.225263982,,
ZAAZ,4,1.158,1.691,0.68480188,3,1.569461214,,
ZATN,4,0.01106,0.00198,5.5858588,3,-0.609561921,,
ZGYM,4,-5.723,0.672,-8.5163689,3,-1.536403508,,
ZKFY,4,4.722,12.582,0.37529805,3,1.569461214,,
ZOHR,4,-0.029,1.022,-0.028375734,3,1.119992445,,
ZYIE,4,-2.374,0.336,-7.0654764,3,2.018929983,,
AFES,5,0.463,1.93,0.23989637,3,1.569461214,,
AJRC,5,-0.213,0.218,-0.97706419,3,-0.63746597,,
AMHC,5,0.941,0.78,1.2064103,3,-2.134056136,,
ANXH,5,-2.358,0.112,-21.053572,3,2.018929983,,
AOTG,5,0.575,0.017,33.823528,3,-0.266172527,,
ASHN,5,0.0863,0.147,0.58707482,3,1.419638291,,
AXUO,5,-1.51,2.667,-0.56617922,3,2.018929983,,
BBDS,5,0.0061,0.00204,2.990196,3,-2.134056136,,
BCCY,5,-0.815,0.277,-2.9422383,3,0.471448408,,
BCLX,5,3.28196E-08,1.44051E-08,2.2783303,3,0.183296242,,
BERH,5,0.0967,0.2193,0.44094849,3,0.610369759,,
BJMG,5,-4.104,3.06,-1.3411765,3,0.960314906,,
BMGE,5,-0.208,0.642,-0.32398754,3,-1.375086905,,
BMVK,5,-0.726,0.428,-1.6962616,3,-2.433701982,,
BUKS,5,0.04,0.07,0.5714286,3,-1.684587367,,
BYCV,5,0.0413,0.046,0.89782608,3,-0.875318835,,
CBIP,5,0.559,0.216,2.5879629,3,0.16090099,,
CBYS,5,3.0873,1.1465,2.6928041,3,-0.476149367,,
CCPO,5,0.145,0.137,1.0583942,3,-0.298422395,,
CGHP,5,-0.592,0.621,-0.95330113,3,2.018929983,,
CIIE,5,0.3825,0.0012,318.75,3,-0.565818373,,
CKPF,5,0.349,0.335,1.0417911,3,0.958675842,,
CMMG,5,0.15,0.056,2.6785715,3,-0.63746597,,
CNYO,5,0.066,0.021,3.1428571,3,-0.62597229,,
COQM,5,0.154,0.088,1.75,3,-1.075441059,,
CUSM,5,-2.087,1.054,-1.980076,3,-1.235118598,,
CVZM,5,-0.143,0.273,-0.52380955,3,-1.684587367,,
CXHI,5,0.047,0.062,0.75806451,3,1.419638291,,
DBVU,5,-0.149,0.104,-1.4326923,3,1.408144611,,
DCJM,5,0.155,0.202,0.76732671,3,1.269815368,,
DEXO,5,1.145,0.085,13.470589,3,-1.225263982,,
DQAG,5,-0.549,0.103,-5.3300972,3,-2.433701982,,
DVAE,5,-0.22,0.811,-0.27127004,3,1.569461214,,
EJWM,5,-2.407,0.671,-3.5871832,3,0.670523676,,
EONY,5,0.056,0.676,0.082840234,3,0.610369759,,
EVGS,5,0.099,0.621,0.1594203,3,0.199706611,,
EZBJ,5,-0.897,0.275,-3.2618182,3,0.632765011,,
EZRL,5,0.349,0.753,0.46347943,3,-2.295372739,,
FFHG,5,0.264,1.712,0.15420561,3,2.018929983,,
FFKM,5,1.293,0.105,12.314285,3,0.033473319,,
FHEW,5,2.139,0.27,7.9222221,3,2.018929983,,
FNTW,5,-0.326,2.1,-0.15523809,3,2.018929983,,
FRXI,5,-0.24,0.093,-2.5806451,3,-0.326326444,,
FTRF,5,-1.257,0.272,-4.6213236,3,1.108498765,,
GIPP,5,0.864,0.295,2.9288135,3,-0.62597229,,
GRFN,5,0.059,0.192,0.30729166,3,1.707790457,,
GTPQ,5,0.067,0.367,0.18256131,3,1.569461214,,
GXEN,5,-0.161,0.114,-1.4122807,3,-0.775795213,,
GZFF,5,0.0563,0.149,0.37785235,3,1.569461214,,
HEGK,5,0.102,0.101,1.009901,3,-0.62597229,,
HEVE,5,-0.216,0.226,-0.95575219,3,-1.84590397,,
HKIO,5,0.8841,0.1314,6.7283106,3,0.183296242,,
HMEP,5,-0.307,0.961,-0.3194589,3,-1.375086905,,
HVXK,5,0.052,0.012,4.3333335,3,1.569461214,,
IIVX,5,0.053,0.22,0.24090908,3,-0.288567779,,
IMLY,5,-2.216,4.055,-0.54648584,3,1.269815368,,
IWSS,5,19.813,0.857,23.11902,3,-0.925618136,,
JAAQ,5,-0.7,9.103,-0.076897725,3,-0.925618136,,
JARZ,5,6.877,2.904,2.368113,3,-0.775795213,,
JFYE,5,-0.496,0.147,-3.3741496,3,0.299230233,,
JGAO,5,-0.485,1.209,-0.40115798,3,1.719284137,,
JGKG,5,-0.571,0.291,-1.9621993,3,-0.937111816,,
JPCI,5,-2.261,0.134,-16.873135,3,-0.937111816,,
JVQU,5,-3.533,0.58,-6.0913792,3,0.820346599,,
JYUR,5,0.129,0.083,1.5542169,3,-1.84590397,,
KHSV,5,-0.671,0.28,-2.3964286,3,-1.984233213,,
KJCY,5,-30.792,30.639,-1.0049937,3,-0.425850066,,
KJMR,5,0.00335,0.109,0.030733945,3,1.719284137,,
KJNQ,5,1.514,1.776,0.85247749,3,-1.236757662,,
KSUJ,5,-0.805,1.059,-0.76015109,3,-0.775795213,,
KWUT,5,-0.535,0.278,-1.9244604,3,-0.277666207,,
KZPU,5,-1.2418,0.2772,-4.4797978,3,0.310723913,,
LBOM,5,-1.3,2.42,-0.53719008,3,0.033473319,,
LHIK,5,-0.03,1.055,-0.028436018,3,-0.775795213,,
LKWD,5,-0.733,0.615,-1.19187,3,1.569461214,,
LQUT,5,-0.31,1.17,-0.26495728,3,0.970169522,,
LTMC,5,-0.524,0.763,-0.68676275,3,-1.075441059,,
LXOK,5,0.098,0.083,1.1807228,3,-0.725495912,,
LYOD,5,-1.1395,0.7179,-1.5872685,3,2.018929983,,
LZHZ,5,0.0145,0.1762,0.082292847,3,-1.674732751,,
LZWO,5,0.144,0.2,0.72000003,3,1.108498765,,
MFWS,5,1.218,1.107,1.100271,3,1.269815368,,
MLNS,5,1.018,1.002,1.0159681,3,-0.575672989,,
MOUZ,5,0.158,0.31,0.50967741,3,1.719284137,,
MRYE,5,-2.92,0.322,-9.0683231,3,1.719284137,,
MSBZ,5,-2.14,0.479,-4.4676409,3,1.119992445,,
NCBZ,5,0.41,0.508,0.80708659,3,1.569461214,,
NCPN,5,-1.989,0.237,-8.3924055,3,-2.1356952,,
NDCU,5,-0.124,0.495,-0.25050506,3,-1.824555674,,
NEJA,5,86.142,86.146,0.99995357,3,-1.474610527,,
NHZL,5,-0.351,0.322,-1.0900621,3,-0.775795213,,
NOLD,5,-3.81923E-05,5.38699E-05,-0.70897341,3,1.419638291,,
NPJH,5,1.071,0.841,1.273484,3,-0.937111816,,
NRJN,5,-0.354,0.093,-3.8064516,3,0.471448408,,
NSPO,5,1.376,2.449,0.56186199,3,-1.524909828,,
NUYK,5,-0.442,0.266,-1.6616541,3,-0.937111816,,
OATA,5,0.439,0.252,1.7420635,3,-1.995726893,,
OCTX,5,-0.013,0.008,-1.625,3,-0.62597229,,
ORMQ,5,-0.344,0.2234,-1.5398389,3,-1.375086905,,
OSIC,5,0.121,0.212,0.57075471,3,0.598876079,,
OWMB,5,-0.281,0.219,-1.283105,3,0.610369759,,
OYIG,5,0.774,0.148,5.2297297,3,2.018929983,,
PDMO,5,-1.173,0.142,-8.2605639,3,-0.775795213,,
PEJY,5,-1.51,2.667,-0.56617922,3,1.707790457,,
PHXZ,5,0.1429,0.138,1.0355072,3,0.183296242,,
PKYR,5,0.147,0.135,1.0888889,3,2.018929983,,
PRJG,5,-0.572,0.197,-2.9035532,3,-0.775795213,,
PUBS,5,0.168,0.306,0.54901963,3,-1.524909828,,
PVCC,5,0.8164,0.34,2.4011765,3,-0.425850066,,
QBYX,5,-1.367,1.082,-1.2634012,3,0.183296242,,
QDZZ,5,-1.288,0.00147,-876.19049,3,1.569461214,,
QFYA,5,0.1042,1.1222,0.092853323,3,1.569461214,,
QKTL,5,-0.223,0.065,-3.4307692,3,0.910015605,,
QLBB,5,-1.75,2.61,-0.67049807,3,2.018929983,,
QLGC,5,-0.795,0.694,-1.1455331,3,-1.824555674,,
QLQL,5,-0.16148,0.203958,-0.79173166,3,-2.295372739,,
QLWV,5,0.099,0.081,1.2222222,3,-0.725495912,,
QTPF,5,0.022,3.164,0.006953224,3,-1.225263982,,
QWAS,5,-1.821,0.414,-4.3985505,3,2.018929983,,
QXPZ,5,-0.14,0.09,-1.5555556,3,-0.326326444,,
RDFJ,5,0.894,0.13,6.8769231,3,1.569461214,,
RLPD,5,2.44,1.94,1.2577319,3,-1.84590397,,
RQFZ,5,-2.087,0.129,-16.178295,3,0.333119165,,
SDJW,5,0.135,0.122,1.1065574,3,-1.83441029,,
SDKG,5,1.7,0.332,5.120482,3,1.86910706,,
SEPC,5,-0.929,0.319,-2.9122257,3,-2.134056136,,
SYUY,5,-0.414,0.267,-1.5505618,3,-0.787288893,,
TBGV,5,-1.747,0.308,-5.6720781,3,1.719284137,,
TJQM,5,-2.879,0.307,-9.3778505,3,-1.824555674,,
TKJI,5,-0.237,0.211,-1.1232227,3,-1.84590397,,
TOPR,5,-0.002,0.516,-0.003875969,3,0.011078067,,
TURQ,5,-0.453,0.764,-0.59293193,3,-1.524909828,,
TWZE,5,0.22,0.047,4.680851,3,2.018929983,,
TXCM,5,-0.4037,0.3087,-1.3077421,3,-1.174964681,,
TXFR,5,0.03,0.086,0.3488372,3,1.707790457,,
TXXS,5,0.746,0.747,0.99866134,3,0.782587934,,
UFAO,5,-0.474,0.222,-2.1351352,3,-1.075441059,,
UISV,5,-0.13542,0.51771,-0.26157501,3,-2.733347828,,
UQYD,5,-0.56,0.145,-3.8620689,3,1.408144611,,
UTKY,5,0.077,0.175,0.44,3,-1.075441059,,
UXOU,5,-452.923,463.736,-0.97668284,3,1.719284137,,
VBXC,5,0.0858,0.0237,3.6202531,3,-0.41599545,,
VFDC,5,0.212,0.188,1.1276596,3,-0.725495912,,
VHSY,5,-0.31,0.248,-1.25,3,-1.236757662,,
VUVW,5,0.208,0.217,0.95852536,3,0.632765011,,
WGMQ,5,0.14,0.112,1.25,3,1.719284137,,
WYBV,5,0.899,0.238,3.7773108,3,2.018929983,,
XFUD,5,-2.182,1.991,-1.0959316,3,-2.744841508,,
XJQN,5,0.798,0.044,18.136364,3,1.86910706,,
XMDF,5,-0.019011497,0.001665292,-11.416314,3,-0.127843284,,
XPUJ,5,7.139,9.771,0.73063147,3,-1.83441029,,
XVDF,5,0.028,1.28,0.021875,3,-0.787288893,,
XYAZ,5,0.153,0.206,0.74271846,3,1.719284137,,
YDEI,5,-0.195,0.0542,-3.5977859,3,0.798998303,,
YHDE,5,0.0857,0.177,0.48418078,3,2.018929983,,
YRWI,5,0.288,0.01,28.799999,3,-0.886812515,,
YTDU,5,-0.36,0.055,-6.5454545,3,-1.375086905,,
YTEZ,5,-1.04,0.277,-3.7545125,3,-1.225263982,,
ZAAZ,5,-0.0208,0.0674,-0.30860534,3,1.569461214,,
ZATN,5,0.055,0.136,0.40441176,3,-0.609561921,,
ZGYM,5,0.215,0.05,4.3000002,3,-1.536403508,,
ZKFY,5,-0.869,0.792,-1.0972222,3,1.569461214,,
ZOHR,5,0.406,0.618,0.65695792,3,1.119992445,,
ZYIE,5,-0.121,0.182,-0.66483516,3,2.018929983,,
AFES,6,33.133,33.878,0.97800934,3,1.569461214,,
AJRC,6,-0.102,0.121,-0.8429752,3,-0.63746597,,
AMHC,6,-61.058,57.451,-1.062784,3,-2.134056136,,
ANXH,6,-0.253,0.028,-9.0357141,3,2.018929983,,
AOTG,6,-414.43,1149.271,-0.3606025,3,-0.266172527,,
ASHN,6,10.603,7.67,1.382399,3,1.419638291,,
AXUO,6,39.036,50.147,0.77843142,3,2.018929983,,
BBDS,6,-0.024,0.0211,-1.1374408,3,-2.134056136,,
BCCY,6,-0.000021649,0.00010431,-0.20754482,3,0.471448408,,
BCLX,6,-0.00119352,0.000253788,-4.7028327,3,0.183296242,,
BERH,6,-2.4381,3.3646,-0.72463292,3,0.610369759,,
BJMG,6,0.000221,0.00013,1.7,3,0.960314906,,
BMGE,6,-10.1716,19.7275,-0.51560509,3,-1.375086905,,
BMVK,6,0.217,0.16,1.35625,3,-2.433701982,,
BUKS,6,-16.84,24.03,-0.7007907,3,-1.684587367,,
BYCV,6,25.6968,29.3032,0.87692809,3,-0.875318835,,
CBIP,6,-0.002,0.0014,-1.4285715,3,0.16090099,,
CBYS,6,0.0000312,0.000196,0.15918367,3,-0.476149367,,
CCPO,6,-2.332,3.07,-0.7596091,3,-0.298422395,,
CGHP,6,3.177,1.053,3.0170941,3,2.018929983,,
CIIE,6,0.0411,0.0017,24.17647,3,-0.565818373,,
CKPF,6,0.00256,0.0167,0.15329342,3,0.958675842,,
CMMG,6,2.334,6.842,0.34112832,3,-0.63746597,,
CNYO,6,0.103,0.092,1.1195652,3,-0.62597229,,
COQM,6,-0.376,0.558,-0.6738351,3,-1.075441059,,
CUSM,6,0.387,0.409,0.94621027,3,-1.235118598,,
CVZM,6,0.169,0.167,1.011976,3,-1.684587367,,
CXHI,6,283.671,412.637,0.68745893,3,1.419638291,,
DBVU,6,-1.615,1.416,-1.1405367,3,1.408144611,,
DCJM,6,-2.267,6.72,-0.3373512,3,1.269815368,,
DEXO,6,0.108,0.303,0.35643566,3,-1.225263982,,
DQAG,6,1.372,3.301,0.41563162,3,-2.433701982,,
DVAE,6,0.00056,0.992,0.000564516,3,1.569461214,,
EJWM,6,2.638,0.716,3.6843576,3,0.670523676,,
EONY,6,434.885,554.672,0.78403991,3,0.610369759,,
EVGS,6,0.153,0.279,0.54838711,3,0.199706611,,
EZBJ,6,-0.676,0.369,-1.8319783,3,0.632765011,,
EZRL,6,-0.346,1077.761,-0.000321036,3,-2.295372739,,
FFHG,6,38.942,32.406,1.201691,3,2.018929983,,
FFKM,6,0.563,4.268,0.1319119,3,0.033473319,,
FHEW,6,-0.055,9.434,-0.005829977,3,2.018929983,,
FNTW,6,12.473,6.605,1.8884178,3,2.018929983,,
FRXI,6,-0.263,0.355,-0.74084508,3,-0.326326444,,
FTRF,6,1.333,1.808,0.73727876,3,1.108498765,,
GIPP,6,-13.587,21.601,-0.62899864,3,-0.62597229,,
GRFN,6,-4.914,4.647,-1.0574564,3,1.707790457,,
GTPQ,6,4.767,10.269,0.46421269,3,1.569461214,,
GXEN,6,-1.834,3.135,-0.58500797,3,-0.775795213,,
GZFF,6,0.546,5.105,0.10695396,3,1.569461214,,
HEGK,6,0.155,0.328,0.47256097,3,-0.62597229,,
HEVE,6,0.007,0.018,0.3888889,3,-1.84590397,,
HKIO,6,0.0388,0.0296,1.3108108,3,0.183296242,,
HMEP,6,-12.346,106.18,-0.11627425,3,-1.375086905,,
HVXK,6,-0.00135,0.000654,-2.0642202,3,1.569461214,,
IIVX,6,0.69,0.917,0.75245363,3,-0.288567779,,
IMLY,6,17.692,22.17,0.79801536,3,1.269815368,,
IWSS,6,1.689,0.502,3.3645418,3,-0.925618136,,
JAAQ,6,-14.26,236.1,-0.060398135,3,-0.925618136,,
JARZ,6,-69.395,84.728,-0.81903267,3,-0.775795213,,
JFYE,6,3.157,1.957,1.6131835,3,0.299230233,,
JGAO,6,-287.037,211.635,-1.3562832,3,1.719284137,,
JGKG,6,-0.025,0.741,-0.033738192,3,-0.937111816,,
JPCI,6,0.005855,0.006678,0.87675953,3,-0.937111816,,
JVQU,6,-31.327,7.156,-4.3777251,3,0.820346599,,
JYUR,6,-15.327,3.476,-4.4093785,3,-1.84590397,,
KHSV,6,-0.97,3.394,-0.28579846,3,-1.984233213,,
KJCY,6,-45.122,40.667,-1.1095483,3,-0.425850066,,
KJMR,6,-5.105,11.916,-0.42841557,3,1.719284137,,
KJNQ,6,3.688,3.187,1.1572012,3,-1.236757662,,
KSUJ,6,-0.816,1.22,-0.66885245,3,-0.775795213,,
KWUT,6,0.014,0.027,0.51851851,3,-0.277666207,,
KZPU,6,6.1428,2.2792,2.6951561,3,0.310723913,,
LBOM,6,10.99,14.26,0.77068722,3,0.033473319,,
LHIK,6,-3.749,20.681,-0.1812775,3,-0.775795213,,
LKWD,6,0.00494,0.018,0.27444443,3,1.569461214,,
LQUT,6,-30.67,125.56,-0.24426569,3,0.970169522,,
LTMC,6,-0.031,0.15,-0.20666666,3,-1.075441059,,
LXOK,6,12.98,7.4,1.7540541,3,-0.725495912,,
LYOD,6,3.8619,3.0624,1.2610698,3,2.018929983,,
LZHZ,6,0.3969,2.0641,0.19228719,3,-1.674732751,,
LZWO,6,-14.673,8.997,-1.630877,3,1.108498765,,
MFWS,6,2.809,5.763,0.48741975,3,1.269815368,,
MLNS,6,48.782,32.547,1.4988171,3,-0.575672989,,
MOUZ,6,-22.608,36.291,-0.62296438,3,1.719284137,,
MRYE,6,-0.00889,0.0359,-0.24763231,3,1.719284137,,
MSBZ,6,0.114,0.282,0.40425533,3,1.119992445,,
NCBZ,6,0.005,0.015,0.33333334,3,1.569461214,,
NCPN,6,3.615,2.877,1.2565172,3,-2.1356952,,
NDCU,6,-0.025,0.025,-1,3,-1.824555674,,
NEJA,6,100.28,3.981,25.189651,3,-1.474610527,,
NHZL,6,0.224,2.198,0.10191083,3,-0.775795213,,
NOLD,6,-1.66306E-05,2.01594E-05,-0.82495356,3,1.419638291,,
NPJH,6,0.00129,0.00111,1.1621622,3,-0.937111816,,
NRJN,6,0.002,0.014,0.14285715,3,0.471448408,,
NSPO,6,273.9,148.1,1.849426,3,-1.524909828,,
NUYK,6,-0.002,0.007,-0.2857143,3,-0.937111816,,
OATA,6,5.024,3.438,1.4613147,3,-1.995726893,,
OCTX,6,-0.015,0.025,-0.60000002,3,-0.62597229,,
ORMQ,6,0.00002,0.00013,0.15384616,3,-1.375086905,,
OSIC,6,2.014,3.165,0.6363349,3,0.598876079,,
OWMB,6,-0.047,0.028,-1.6785715,3,0.610369759,,
OYIG,6,-0.097,2.193,-0.044231646,3,2.018929983,,
PDMO,6,1.285,2.168,0.59271216,3,-0.775795213,,
PEJY,6,26.993,23.484,1.1494209,3,1.707790457,,
PHXZ,6,0.0552,0.056,0.98571426,3,0.183296242,,
PKYR,6,2.146,0.376,5.7074466,3,2.018929983,,
PRJG,6,-0.0000241,0.0000474,-0.50843883,3,-0.775795213,,
PUBS,6,-1.05,3.466,-0.30294287,3,-1.524909828,,
PVCC,6,94.3,170.65,0.55259305,3,-0.425850066,,
QBYX,6,-0.0000114,0.0001401,-0.081370451,3,0.183296242,,
QDZZ,6,486.487,786.055,0.6188969,3,1.569461214,,
QFYA,6,-40.2307,59.0047,-0.68182194,3,1.569461214,,
QKTL,6,4.036,1.848,2.1839826,3,0.910015605,,
QLBB,6,-0.99,1.44,-0.6875,3,2.018929983,,
QLGC,6,-1.739,3.212,-0.54140723,3,-1.824555674,,
QLQL,6,0.154096,0.052314,2.9455976,3,-2.295372739,,
QLWV,6,0.12,0.028,4.2857141,3,-0.725495912,,
QTPF,6,-56.258,174.066,-0.32319924,3,-1.225263982,,
QWAS,6,0.00084,0.00041,2.0487804,3,2.018929983,,
QXPZ,6,-2.79,1,-2.79,3,-0.326326444,,
RDFJ,6,2.815,2.445,1.1513293,3,1.569461214,,
RLPD,6,-18.07,7.06,-2.5594902,3,-1.84590397,,
RQFZ,6,-0.127,0.051,-2.490196,3,0.333119165,,
SDJW,6,0.033,0.034,0.97058821,3,-1.83441029,,
SDKG,6,0.006,0.022,0.27272728,3,1.86910706,,
SEPC,6,-25.68,39.424,-0.65137988,3,-2.134056136,,
SYUY,6,0.013,0.021,0.61904764,3,-0.787288893,,
TBGV,6,-0.056,0.034,-1.6470588,3,1.719284137,,
TJQM,6,-0.0004346,0.0005774,-0.75268447,3,-1.824555674,,
TKJI,6,-0.285,0.138,-2.0652175,3,-1.84590397,,
TOPR,6,-360.7,174.1,-2.0717978,3,0.011078067,,
TURQ,6,0.034,0.558,0.060931899,3,-1.524909828,,
TWZE,6,-0.402,3.882,-0.10355487,3,2.018929983,,
TXCM,6,-45.8723,29.2586,-1.5678228,3,-1.174964681,,
TXFR,6,0.52,1.045,0.49760765,3,1.707790457,,
TXXS,6,0.972,1.02,0.95294118,3,0.782587934,,
UFAO,6,1.797,104.24,0.017239064,3,-1.075441059,,
UISV,6,-0.00068,0.00388,-0.17525773,3,-2.733347828,,
UQYD,6,-0.01,0.067,-0.14925373,3,1.408144611,,
UTKY,6,1.357,4.691,0.28927734,3,-1.075441059,,
UXOU,6,23.621,23.332,1.0123864,3,1.719284137,,
VBXC,6,-1.284,0.126,-10.190476,3,-0.41599545,,
VFDC,6,0.012,0.015,0.80000001,3,-0.725495912,,
VHSY,6,-0.012,0.02,-0.60000002,3,-1.236757662,,
VUVW,6,2.131,3.223,0.6611852,3,0.632765011,,
WGMQ,6,0.04,0.034,1.1764706,3,1.719284137,,
WYBV,6,-0.166,1.981,-0.083796062,3,2.018929983,,
XFUD,6,-4.002,5.676,-0.70507401,3,-2.744841508,,
XJQN,6,-1.346,2.835,-0.47477955,3,1.86910706,,
XMDF,6,-0.000000117,0.00000057,-0.20526315,3,-0.127843284,,
XPUJ,6,61.957,52.094,1.1893308,3,-1.83441029,,
XVDF,6,0.801,1.479,0.54158217,3,-0.787288893,,
XYAZ,6,0.037,0.033,1.1212121,3,1.719284137,,
YDEI,6,5.52,3.874,1.4248838,3,0.798998303,,
YHDE,6,0.0711,0.0579,1.2279793,3,2.018929983,,
YRWI,6,-1.08,0.529,-2.0415878,3,-0.886812515,,
YTDU,6,1.787,0.366,4.8825135,3,-1.375086905,,
YTEZ,6,0.00225,0.01086,0.20718232,3,-1.225263982,,
ZAAZ,6,-0.0000419,0.000148,-0.28310812,3,1.569461214,,
ZATN,6,0.000053,0.000124,0.42741936,3,-0.609561921,,
ZGYM,6,0.0049982,0.0286,0.17476223,3,-1.536403508,,
ZKFY,6,-898.737,223.723,-4.0171866,3,1.569461214,,
ZOHR,6,41.539,27.408,1.5155793,3,1.119992445,,
ZYIE,6,-0.229,0.173,-1.3236995,3,2.018929983,,
AFES,1,-3.136,5.311,-0.59047258,4,1.569461214,,
AJRC,1,-1.176,0.536,-2.1940298,4,-0.63746597,,
AMHC,1,1.912,3.773,0.50675857,4,-2.134056136,,
ANXH,1,-1.192,0.478,-2.4937239,4,2.018929983,,
AOTG,1,-1.076,0.439,-2.451025,4,-0.266172527,,
ASHN,1,1.338,0.504,2.6547618,4,1.419638291,,
AXUO,1,-1,2.707,-0.36941263,4,2.018929983,,
BBDS,1,-0.05,0.007,-7.1428571,4,-2.134056136,,
BCCY,1,-2.5,1.25,-2,4,0.471448408,,
BCLX,1,-0.0385,0.009066,-4.2466359,4,0.183296242,,
BERH,1,-1.3012,1.2544,-1.0373087,4,0.610369759,,
BJMG,1,-3.264,1.5,-2.1760001,4,0.960314906,,
BMGE,1,-2.615,1.422,-1.8389592,4,-1.375086905,,
BMVK,1,-2.5,1,-2.5,4,-2.433701982,,
BUKS,1,-1.3,0.5,-2.5999999,4,-1.684587367,,
BYCV,1,-0.1723,0.0629,-2.7392688,4,-0.875318835,,
CBIP,1,-0.321,0.131,-2.4503818,4,0.16090099,,
CBYS,1,-4.4968,1.0993,-4.0906029,4,-0.476149367,,
CCPO,1,-5.816,0.777,-7.4851995,4,-0.298422395,,
CGHP,1,-4.224,1.543,-2.7375243,4,2.018929983,,
CIIE,1,-10.8722,105.7827,-0.10277862,4,-0.565818373,,
CKPF,1,-1.47,0.482,-3.0497925,4,0.958675842,,
CMMG,1,0.0732,0.0324,2.2592592,4,-0.63746597,,
CNYO,1,-0.492,0.224,-2.1964285,4,-0.62597229,,
COQM,1,-0.368,0.057,-6.4561405,4,-1.075441059,,
CUSM,1,-4.007,2.017,-1.9866138,4,-1.235118598,,
CVZM,1,-1.075,0.805,-1.3354037,4,-1.684587367,,
CXHI,1,74491.116,74425.548,1.000881,4,1.419638291,,
DBVU,1,-2.391,1,-2.391,4,1.408144611,,
DCJM,1,-5.375,1.737,-3.0944157,4,1.269815368,,
DEXO,1,-0.387,0.116,-3.3362069,4,-1.225263982,,
DQAG,1,-6.355,3.498,-1.8167524,4,-2.433701982,,
DVAE,1,-1.3,0.535,-2.4299066,4,1.569461214,,
EJWM,1,-0.842,0.304,-2.7697368,4,0.670523676,,
EONY,1,-5.682,5.563,-1.0213914,4,0.610369759,,
EVGS,1,-0.1,0.5,-0.2,4,0.199706611,,
EZBJ,1,-0.287,0.023,-12.478261,4,0.632765011,,
EZRL,1,-1,0.75,-1.3333334,4,-2.295372739,,
FFHG,1,-2.474,5.726,-0.43206427,4,2.018929983,,
FFKM,1,-0.793,0.283,-2.8021202,4,0.033473319,,
FHEW,1,0.585,0.43,1.3604652,4,2.018929983,,
FNTW,1,-27.599,29.492,-0.93581313,4,2.018929983,,
FRXI,1,-4.9,1.6,-3.0625,4,-0.326326444,,
FTRF,1,-4.361,0.314,-13.888535,4,1.108498765,,
GIPP,1,-0.962,0.696,-1.3821839,4,-0.62597229,,
GRFN,1,-0.531,0.449,-1.182628,4,1.707790457,,
GTPQ,1,1.975,0.857,2.3045506,4,1.569461214,,
GXEN,1,-6.552,0.857,-7.6452742,4,-0.775795213,,
GZFF,1,-0.955,0.4,-2.3875,4,1.569461214,,
HEGK,1,0.699,0.415,1.6843374,4,-0.62597229,,
HEVE,1,0.816,0.242,3.3719008,4,-1.84590397,,
HKIO,1,-0.00301,0.451,-0.006674058,4,0.183296242,,
HMEP,1,-0.045,0.214,-0.21028037,4,-1.375086905,,
HVXK,1,-0.222,0.073,-3.041096,4,1.569461214,,
IIVX,1,-3.076,1.767,-1.7408036,4,-0.288567779,,
IMLY,1,-0.43,0.982,-0.43788189,4,1.269815368,,
IWSS,1,-4.224,1.543,-2.7375243,4,-0.925618136,,
JAAQ,1,124.5,35.26,3.5309131,4,-0.925618136,,
JARZ,1,-3.372,1.92,-1.75625,4,-0.775795213,,
JFYE,1,0.223,0.966,0.23084886,4,0.299230233,,
JGAO,1,-30.505,16.185,-1.8847698,4,1.719284137,,
JGKG,1,1.22,0.677,1.802068,4,-0.937111816,,
JPCI,1,-2.1,0.8,-2.625,4,-0.937111816,,
JVQU,1,-2.101,0.558,-3.765233,4,0.820346599,,
JYUR,1,-0.755,0.267,-2.8277154,4,-1.84590397,,
KHSV,1,-1.758,1.874,-0.93810034,4,-1.984233213,,
KJCY,1,0.001,0.025,0.039999999,4,-0.425850066,,
KJMR,1,-6.645,0.811,-8.1935883,4,1.719284137,,
KJNQ,1,-70.527,65.782,-1.0721322,4,-1.236757662,,
KSUJ,1,-10.152,3.88,-2.6164949,4,-0.775795213,,
KWUT,1,-0.783,0.348,-2.25,4,-0.277666207,,
KZPU,1,-0.196,0.109,-1.7981651,4,0.310723913,,
LBOM,1,-5.231,6.243,-0.83789843,4,0.033473319,,
LHIK,1,-5.62,4.874,-1.153057,4,-0.775795213,,
LKWD,1,4.136,1.427,2.8983881,4,1.569461214,,
LQUT,1,-20.48,77.64,-0.26378155,4,0.970169522,,
LTMC,1,-1.726,2.236,-0.77191412,4,-1.075441059,,
LXOK,1,-1.19,0.3,-3.9666667,4,-0.725495912,,
LYOD,1,0.5135,0.2777,1.8491178,4,2.018929983,,
LZHZ,1,-1.237,0.396,-3.1237373,4,-1.674732751,,
LZWO,1,-2.279,1.93,-1.180829,4,1.108498765,,
MFWS,1,1.825,3.625,0.50344825,4,1.269815368,,
MLNS,1,-7.5,3,-2.5,4,-0.575672989,,
MOUZ,1,2.965,0.524,5.6583967,4,1.719284137,,
MRYE,1,-1.882,0.447,-4.2102909,4,1.719284137,,
MSBZ,1,-1.01,0.425,-2.3764706,4,1.119992445,,
NCBZ,1,-1,0.5,-2,4,1.569461214,,
NCPN,1,1.1,0.153,7.1895423,4,-2.1356952,,
NDCU,1,-1.01,0.573,-1.7626528,4,-1.824555674,,
NEJA,1,-4.224,1.543,-2.7375243,4,-1.474610527,,
NHZL,1,11.5,2.5,4.5999999,4,-0.775795213,,
NOLD,1,0.00286787,0.001147328,2.4996066,4,1.419638291,,
NPJH,1,-3.411,1.637,-2.0836897,4,-0.937111816,,
NRJN,1,-3.06,0.836,-3.6602871,4,0.471448408,,
NSPO,1,0.576,1.537,0.37475601,4,-1.524909828,,
NUYK,1,-1.996,0.254,-7.8582678,4,-0.937111816,,
OATA,1,-1,0.5,-2,4,-1.995726893,,
OCTX,1,-1.078,0.446,-2.4170403,4,-0.62597229,,
ORMQ,1,-0.349,0.052,-6.7115383,4,-1.375086905,,
OSIC,1,-3,0.5,-6,4,0.598876079,,
OWMB,1,-0.294,0.108,-2.7222223,4,0.610369759,,
OYIG,1,-2,0.8,-2.5,4,2.018929983,,
PDMO,1,-1.421,0.323,-4.3993807,4,-0.775795213,,
PEJY,1,-1.29,0.531,-2.4293785,4,1.707790457,,
PHXZ,1,-2.381,0.485,-4.9092784,4,0.183296242,,
PKYR,1,-1.075,0.531,-2.024482,4,2.018929983,,
PRJG,1,-1.643,0.161,-10.204969,4,-0.775795213,,
PUBS,1,-1.26,1.62,-0.77777779,4,-1.524909828,,
PVCC,1,187.87,59.223,3.1722472,4,-0.425850066,,
QBYX,1,-3.905,2.584,-1.511223,4,0.183296242,,
QDZZ,1,-58.495,0.444,-131.7455,4,1.569461214,,
QFYA,1,-8.1657,8.918,-0.9156425,4,1.569461214,,
QKTL,1,-3.567,1.415,-2.520848,4,0.910015605,,
QLBB,1,1,0.5,2,4,2.018929983,,
QLGC,1,2.828,0.729,3.8792868,4,-1.824555674,,
QLQL,1,-1.357333,0.714667,-1.8992524,4,-2.295372739,,
QLWV,1,-0.921,0.122,-7.5491805,4,-0.725495912,,
QTPF,1,16.567,64.995,0.25489652,4,-1.225263982,,
QWAS,1,-9.681,0.22,-44.004547,4,2.018929983,,
QXPZ,1,-9.95,0.49,-20.306122,4,-0.326326444,,
RDFJ,1,-2,2,-1,4,1.569461214,,
RLPD,1,0.874,0.109,8.0183487,4,-1.84590397,,
RQFZ,1,-1.255,0.4806,-2.6113193,4,0.333119165,,
SDJW,1,-2.866,0.649,-4.4160247,4,-1.83441029,,
SDKG,1,-1.08,0.137,-7.8832116,4,1.86910706,,
SEPC,1,4,1,4,4,-2.134056136,,
SYUY,1,0.28,0.365,0.76712328,4,-0.787288893,,
TBGV,1,-2.768,0.538,-5.1449814,4,1.719284137,,
TJQM,1,-1.5,1.35,-1.1111112,4,-1.824555674,,
TKJI,1,1.089,4.197,0.25947106,4,-1.84590397,,
TOPR,1,-6.322,1.318,-4.7966614,4,0.011078067,,
TURQ,1,-1.315,0.54,-2.4351852,4,-1.524909828,,
TWZE,1,-11.946,0.521,-22.928982,4,2.018929983,,
TXCM,1,1.2896,0.5306,2.4304562,4,-1.174964681,,
TXFR,1,-0.874,0.109,-8.0183487,4,1.707790457,,
TXXS,1,-0.6,3.6,-0.16666667,4,0.782587934,,
UFAO,1,0.211,1.406,0.15007113,4,-1.075441059,,
UISV,1,-0.76045,1.18171,-0.6435166,4,-2.733347828,,
UQYD,1,-0.736,0.194,-3.7938144,4,1.408144611,,
UTKY,1,-1.309,1.402,-0.93366617,4,-1.075441059,,
UXOU,1,11.04,18.449,0.59840643,4,1.719284137,,
VBXC,1,0.1777,0.7499,0.23696493,4,-0.41599545,,
VFDC,1,-0.4,0.4,-1,4,-0.725495912,,
VHSY,1,-0.283,0.131,-2.1603053,4,-1.236757662,,
VUVW,1,-2.379,0.514,-4.6284046,4,0.632765011,,
WGMQ,1,-1.075,0.642,-1.6744548,4,1.719284137,,
WYBV,1,-0.5,0.291,-1.7182131,4,2.018929983,,
XFUD,1,-0.531,0.449,-1.182628,4,-2.744841508,,
XJQN,1,-8.876,0.155,-57.264515,4,1.86910706,,
XMDF,1,-3.7,1.0102,-3.662641,4,-0.127843284,,
XPUJ,1,-2.828,8.652,-0.32686085,4,-1.83441029,,
XVDF,1,-0.478,1.015,-0.47093597,4,-0.787288893,,
XYAZ,1,-0.55,0.305,-1.8032787,4,1.719284137,,
YDEI,1,-2,1,-2,4,0.798998303,,
YHDE,1,-1.148,0.445,-2.5797753,4,2.018929983,,
YRWI,1,-2.3,0.131,-17.557251,4,-0.886812515,,
YTDU,1,0.395,0.282,1.4007093,4,-1.375086905,,
YTEZ,1,-1.075,0.185,-5.810811,4,-1.225263982,,
ZAAZ,1,-0.559,0.207,-2.7004831,4,1.569461214,,
ZATN,1,-0.578,0.184,-3.1413043,4,-0.609561921,,
ZGYM,1,-5.16,0.294,-17.55102,4,-1.536403508,,
ZKFY,1,14.136,29.9,0.47277591,4,1.569461214,,
ZOHR,1,-1.275,0.521,-2.447217,4,1.119992445,,
ZYIE,1,-0.796,0.078,-10.205129,4,2.018929983,,
AFES,2,-8.062,6.734,-1.1972082,4,1.569461214,,
AJRC,2,-2.219,0.771,-2.8780804,4,-0.63746597,,
AMHC,2,-3.518,17.517,-0.20083347,4,-2.134056136,,
ANXH,2,-1.085,0.146,-7.4315066,4,2.018929983,,
AOTG,2,-2.704,1.296,-2.0864198,4,-0.266172527,,
ASHN,2,-7.381,0.879,-8.3970423,4,1.419638291,,
AXUO,2,-0.689,6.346,-0.10857233,4,2.018929983,,
BBDS,2,-0.0862,0.008,-10.775,4,-2.134056136,,
BCCY,2,-3,1,-3,4,0.471448408,,
BCLX,2,-0.1577,0.0159,-9.9182386,4,0.183296242,,
BERH,2,-13.726,1.3985,-9.8148012,4,0.610369759,,
BJMG,2,-0.000192,0.000161,-1.1925466,4,0.960314906,,
BMGE,2,-3.988,1.319,-3.0235026,4,-1.375086905,,
BMVK,2,-3.3,0.8,-4.125,4,-2.433701982,,
BUKS,2,-2.65,6.64,-0.3990964,4,-1.684587367,,
BYCV,2,-1.234,1.8241,-0.676498,4,-0.875318835,,
CBIP,2,6.135,3.729,1.6452132,4,0.16090099,,
CBYS,2,-4.5384,0.8031,-5.6511021,4,-0.476149367,,
CCPO,2,-11.99,2.753,-4.3552489,4,-0.298422395,,
CGHP,2,-4.632,1.172,-3.9522185,4,2.018929983,,
CIIE,2,-5.9044,0.00648,-911.17285,4,-0.565818373,,
CKPF,2,-6.78,1.069,-6.3423762,4,0.958675842,,
CMMG,2,-0.0712,0.044,-1.6181818,4,-0.63746597,,
CNYO,2,-3.083,1.628,-1.8937347,4,-0.62597229,,
COQM,2,-5.384,0.672,-8.0119047,4,-1.075441059,,
CUSM,2,-1.109,3.298,-0.3362644,4,-1.235118598,,
CVZM,2,-2.117,1.864,-1.1357297,4,-1.684587367,,
CXHI,2,-6.898,6.656,-1.0363581,4,1.419638291,,
DBVU,2,2.323,3,0.77433336,4,1.408144611,,
DCJM,2,-6.167,2.037,-3.0274913,4,1.269815368,,
DEXO,2,-7.559,0.861,-8.7793264,4,-1.225263982,,
DQAG,2,-2.592,2.734,-0.94806147,4,-2.433701982,,
DVAE,2,-2.117,1.08,-1.9601852,4,1.569461214,,
EJWM,2,-9.069,1.266,-7.163507,4,0.670523676,,
EONY,2,-8.088,3.394,-2.383029,4,0.610369759,,
EVGS,2,-5,3,-1.6666666,4,0.199706611,,
EZBJ,2,-5.144,1.001,-5.1388612,4,0.632765011,,
EZRL,2,-0.1,1,-0.1,4,-2.295372739,,
FFHG,2,21.002,74.786,0.28082797,4,2.018929983,,
FFKM,2,-3.052,0.786,-3.8829517,4,0.033473319,,
FHEW,2,-8.13,0.216,-37.638889,4,2.018929983,,
FNTW,2,-1.087,9.914,-0.10964293,4,2.018929983,,
FRXI,2,-0.031,0.006,-5.1666665,4,-0.326326444,,
FTRF,2,13.24,2.487,5.3236833,4,1.108498765,,
GIPP,2,-2.497,1.527,-1.6352324,4,-0.62597229,,
GRFN,2,-1.534,3.459,-0.44348079,4,1.707790457,,
GTPQ,2,2.474,3.136,0.78890306,4,1.569461214,,
GXEN,2,23.498,7.127,3.2970395,4,-0.775795213,,
GZFF,2,-5.537,2.946,-1.8794976,4,1.569461214,,
HEGK,2,0.277,0.975,0.28410256,4,-0.62597229,,
HEVE,2,-3.372,1.144,-2.9475524,4,-1.84590397,,
HKIO,2,-6.4704,0.8129,-7.9596505,4,0.183296242,,
HMEP,2,0.014,0.071,0.1971831,4,-1.375086905,,
HVXK,2,0.908,0.368,2.4673913,4,1.569461214,,
IIVX,2,1.969,1.67,1.1790419,4,-0.288567779,,
IMLY,2,-2.982,11.005,-0.27096775,4,1.269815368,,
IWSS,2,-4.613,0.285,-16.185965,4,-0.925618136,,
JAAQ,2,-4.325,4.414,-0.97983688,4,-0.925618136,,
JARZ,2,-23.196,73.192,-0.31691989,4,-0.775795213,,
JFYE,2,-5.96,1.19,-5.0084033,4,0.299230233,,
JGAO,2,-3.795,3.861,-0.98290598,4,1.719284137,,
JGKG,2,-2.344,0.798,-2.9373434,4,-0.937111816,,
JPCI,2,-1.9,2.3,-0.82608694,4,-0.937111816,,
JVQU,2,1.537,2.213,0.69453233,4,0.820346599,,
JYUR,2,-3.168,1.619,-1.9567634,4,-1.84590397,,
KHSV,2,-3.267,2.495,-1.3094188,4,-1.984233213,,
KJCY,2,-14.555,26.02,-0.55937737,4,-0.425850066,,
KJMR,2,8.601,6.505,1.3222136,4,1.719284137,,
KJNQ,2,-1.93,5.025,-0.38407961,4,-1.236757662,,
KSUJ,2,-1.935,2.014,-0.9607746,4,-0.775795213,,
KWUT,2,-0.057,0.022,-2.590909,4,-0.277666207,,
KZPU,2,7.962,10.98,0.72513664,4,0.310723913,,
LBOM,2,11.083,9.022,1.2284416,4,0.033473319,,
LHIK,2,-3.439,2.794,-1.2308518,4,-0.775795213,,
LKWD,2,-7.919,2.008,-3.9437251,4,1.569461214,,
LQUT,2,0.3,5.98,0.050167225,4,0.970169522,,
LTMC,2,-0.594,5.867,-0.10124425,4,-1.075441059,,
LXOK,2,-0.0073,0.0016,-4.5625,4,-0.725495912,,
LYOD,2,-5.9723,5.3633,-1.1135495,4,2.018929983,,
LZHZ,2,-1.924,2.192,-0.87773722,4,-1.674732751,,
LZWO,2,-6.254,0.832,-7.5168271,4,1.108498765,,
MFWS,2,7.096,8.162,0.86939478,4,1.269815368,,
MLNS,2,5,4,1.25,4,-0.575672989,,
MOUZ,2,2.455,0.495,4.9595962,4,1.719284137,,
MRYE,2,0.35,1.284,0.27258566,4,1.719284137,,
MSBZ,2,-4.49,1.91,-2.3507853,4,1.119992445,,
NCBZ,2,-2,1,-2,4,1.569461214,,
NCPN,2,-3,0.65,-4.6153846,4,-2.1356952,,
NDCU,2,-2.463,1.171,-2.1033304,4,-1.824555674,,
NEJA,2,-4.632,1.172,-3.9522185,4,-1.474610527,,
NHZL,2,-4,4,-1,4,-0.775795213,,
NOLD,2,3.61021E-05,3.5153E-05,1.0270001,4,1.419638291,,
NPJH,2,-0.00125,0.00141,-0.8865248,4,-0.937111816,,
NRJN,2,-0.0646,0.0162,-3.9876542,4,0.471448408,,
NSPO,2,4.153,5.96,0.69681209,4,-1.524909828,,
NUYK,2,-2.74,0.786,-3.4860051,4,-0.937111816,,
OATA,2,-2,0.5,-4,4,-1.995726893,,
OCTX,2,-2.113,1.087,-1.9438822,4,-0.62597229,,
ORMQ,2,-2.816,0.384,-7.3333335,4,-1.375086905,,
OSIC,2,-4,1,-4,4,0.598876079,,
OWMB,2,-0.246,0.085,-2.8941176,4,0.610369759,,
OYIG,2,-2,0.8,-2.5,4,2.018929983,,
PDMO,2,-10.467,1.18,-8.8703394,4,-0.775795213,,
PEJY,2,-2.541,1.3,-1.9546154,4,1.707790457,,
PHXZ,2,-2.117,1.295,-1.6347491,4,0.183296242,,
PKYR,2,-3.524,1.303,-2.7045281,4,2.018929983,,
PRJG,2,0.202,0.65,0.31076923,4,-0.775795213,,
PUBS,2,-9.953,3.004,-3.3132491,4,-1.524909828,,
PVCC,2,186074.5,188404.1,0.98763508,4,-0.425850066,,
QBYX,2,0.0001565,0.0000538,2.908922,4,0.183296242,,
QDZZ,2,0.8,0.000146,5479.4521,4,1.569461214,,
QFYA,2,-2.4288,2.4773,-0.98042226,4,1.569461214,,
QKTL,2,-6.831,6.21,-1.1,4,0.910015605,,
QLBB,2,-2,1,-2,4,2.018929983,,
QLGC,2,-5.84,3.82,-1.5287958,4,-1.824555674,,
QLQL,2,-2.117833,1.0795,-1.9618647,4,-2.295372739,,
QLWV,2,-0.431,0.077,-5.5974026,4,-0.725495912,,
QTPF,2,-4.513,24.839,-0.18169008,4,-1.225263982,,
QWAS,2,2.278,2.038,1.1177626,4,2.018929983,,
QXPZ,2,-0.98,0.22,-4.4545455,4,-0.326326444,,
RDFJ,2,-4,1.5,-2.6666667,4,1.569461214,,
RLPD,2,-4.632,1.172,-3.9522185,4,-1.84590397,,
RQFZ,2,-2.679,1.237,-2.1657236,4,0.333119165,,
SDJW,2,-3,1.2,-2.5,4,-1.83441029,,
SDKG,2,0.098,0.142,0.69014084,4,1.86910706,,
SEPC,2,-1,0.5,-2,4,-2.134056136,,
SYUY,2,-8.873,0.635,-13.973228,4,-0.787288893,,
TBGV,2,-2.794,1.188,-2.3518519,4,1.719284137,,
TJQM,2,-5,0.75,-6.6666665,4,-1.824555674,,
TKJI,2,-0.000042,0.0000901,-0.46614873,4,-1.84590397,,
TOPR,2,1098,394.8,2.7811551,4,0.011078067,,
TURQ,2,-2.893,1.386,-2.0873015,4,-1.524909828,,
TWZE,2,7.172,1.963,3.6535914,4,2.018929983,,
TXCM,2,-2.5406,1.2956,-1.9609448,4,-1.174964681,,
TXFR,2,-1.359,0.43,-3.160465,4,1.707790457,,
TXXS,2,-1,10,-0.1,4,0.782587934,,
UFAO,2,-3.049,3.111,-0.98007071,4,-1.075441059,,
UISV,2,0.00738,0.16802,0.043923341,4,-2.733347828,,
UQYD,2,-0.318,0.037,-8.594595,4,1.408144611,,
UTKY,2,-2.707,1.897,-1.42699,4,-1.075441059,,
UXOU,2,-90.099,128.187,-0.70287156,4,1.719284137,,
VBXC,2,-4,0.8,-5,4,-0.41599545,,
VFDC,2,-2,1,-2,4,-0.725495912,,
VHSY,2,-0.022,0.011,-2,4,-1.236757662,,
VUVW,2,-0.575,0.918,-0.62636167,4,0.632765011,,
WGMQ,2,-2.117,0.83,-2.5506024,4,1.719284137,,
WYBV,2,-2.328,0.47,-4.9531913,4,2.018929983,,
XFUD,2,-4.325,4.414,-0.97983688,4,-2.744841508,,
XJQN,2,-3.22,0.558,-5.7706094,4,1.86910706,,
XMDF,2,-0.88,0.124,-7.0967741,4,-0.127843284,,
XPUJ,2,-4.325,7.762,-0.55720174,4,-1.83441029,,
XVDF,2,0.432,9.965,0.043351732,4,-0.787288893,,
XYAZ,2,-6.449,1.333,-4.8379593,4,1.719284137,,
YDEI,2,-4.433,1.959,-2.2628891,4,0.798998303,,
YHDE,2,-2.406,1.968,-1.222561,4,2.018929983,,
YRWI,2,-1.763,0.186,-9.4784946,4,-0.886812515,,
YTDU,2,-4.765,0.175,-27.228571,4,-1.375086905,,
YTEZ,2,-2.212,0.246,-8.9918699,4,-1.225263982,,
ZAAZ,2,-1.592,0.654,-2.4342508,4,1.569461214,,
ZATN,2,-0.039,0.041,-0.9512195,4,-0.609561921,,
ZGYM,2,-9.281,0.639,-14.524257,4,-1.536403508,,
ZKFY,2,-1.9308,2.894,-0.66717345,4,1.569461214,,
ZOHR,2,-2.101,1.155,-1.8190476,4,1.119992445,,
ZYIE,2,-3.788,0.477,-7.9412999,4,2.018929983,,
AFES,3,-3.299,1.934,-1.7057911,4,1.569461214,,
AJRC,3,-2.815,0.085,-33.117645,4,-0.63746597,,
AMHC,3,-0.109,2.48,-0.043951612,4,-2.134056136,,
ANXH,3,-3.801,0.125,-30.408001,4,2.018929983,,
AOTG,3,-2.817,0.184,-15.309783,4,-0.266172527,,
ASHN,3,-3.962,0.164,-24.158537,4,1.419638291,,
AXUO,3,-2.586,1.481,-1.7461175,4,2.018929983,,
BBDS,3,-0.0138,0.002,-6.9000001,4,-2.134056136,,
BCCY,3,-3.5,0.3,-11.666667,4,0.471448408,,
BCLX,3,-3.771,0.099,-38.090908,4,0.183296242,,
BERH,3,-3.7747,0.2937,-12.85223,4,0.610369759,,
BJMG,3,-1.612,0.167,-9.6526947,4,0.960314906,,
BMGE,3,-3.742,0.306,-12.228758,4,-1.375086905,,
BMVK,3,-2.9,0.9,-3.2222223,4,-2.433701982,,
BUKS,3,-2.6334,0.1842,-14.296417,4,-1.684587367,,
BYCV,3,-1.02,0.0283,-36.042404,4,-0.875318835,,
CBIP,3,-0.173,0.149,-1.1610738,4,0.16090099,,
CBYS,3,-3.8108,0.3886,-9.8064852,4,-0.476149367,,
CCPO,3,-3.72,0.128,-29.0625,4,-0.298422395,,
CGHP,3,-3.792,0.306,-12.392157,4,2.018929983,,
CIIE,3,-0.5322,0.00014,-3801.4285,4,-0.565818373,,
CKPF,3,-4.145,0.366,-11.325136,4,0.958675842,,
CMMG,3,-0.0598,0.00102,-58.627453,4,-0.63746597,,
CNYO,3,-2.554,0.183,-13.956285,4,-0.62597229,,
COQM,3,-2.648,0.088,-30.09091,4,-1.075441059,,
CUSM,3,-3.377,0.958,-3.5250523,4,-1.235118598,,
CVZM,3,-2.194,0.184,-11.923913,4,-1.684587367,,
CXHI,3,-3.432,1.995,-1.7203008,4,1.419638291,,
DBVU,3,-3.764,0.2,-18.82,4,1.408144611,,
DCJM,3,-3.718,0.293,-12.68942,4,1.269815368,,
DEXO,3,-3.721,0.269,-13.832714,4,-1.225263982,,
DQAG,3,-2.883,0.038,-75.868423,4,-2.433701982,,
DVAE,3,-2.921,0.232,-12.590517,4,1.569461214,,
EJWM,3,-3.795,0.268,-14.160448,4,0.670523676,,
EONY,3,-3.324,2.027,-1.6398618,4,0.610369759,,
EVGS,3,-3.44,0.999,-3.4434435,4,0.199706611,,
EZBJ,3,-3.814,0.975,-3.9117949,4,0.632765011,,
EZRL,3,-3.75,1,-3.75,4,-2.295372739,,
FFHG,3,-3.318,2.053,-1.6161715,4,2.018929983,,
FFKM,3,-2.818,0.098,-28.755102,4,0.033473319,,
FHEW,3,-0.39,0.086,-4.5348835,4,2.018929983,,
FNTW,3,-2.524,1.755,-1.4381766,4,2.018929983,,
FRXI,3,-1.312,0.092,-14.26087,4,-0.326326444,,
FTRF,3,-3.655,0.179,-20.418995,4,1.108498765,,
GIPP,3,-2.779,1.207,-2.3024027,4,-0.62597229,,
GRFN,3,-3.723,0.27,-13.788889,4,1.707790457,,
GTPQ,3,-3.305,0.696,-4.7485633,4,1.569461214,,
GXEN,3,-3.832,0.111,-34.522522,4,-0.775795213,,
GZFF,3,-3.896,0.5,-7.7919998,4,1.569461214,,
HEGK,3,-1.311,0.084,-15.607142,4,-0.62597229,,
HEVE,3,-1.308,0.13,-10.061539,4,-1.84590397,,
HKIO,3,-3.8858,0.2677,-14.515502,4,0.183296242,,
HMEP,3,-2,1,-2,4,-1.375086905,,
HVXK,3,-0.402,0.012,-33.5,4,1.569461214,,
IIVX,3,-3.883,0.285,-13.624561,4,-0.288567779,,
IMLY,3,-3.824,2.024,-1.8893281,4,1.269815368,,
IWSS,3,-6.936,0.093,-74.580643,4,-0.925618136,,
JAAQ,3,-3.324,0.306,-10.862745,4,-0.925618136,,
JARZ,3,-2.099,20.153,-0.10415323,4,-0.775795213,,
JFYE,3,-2.582,0.151,-17.099339,4,0.299230233,,
JGAO,3,-3.206,2.043,-1.5692608,4,1.719284137,,
JGKG,3,-2.415,0.508,-4.7539372,4,-0.937111816,,
JPCI,3,-3,0.2,-15,4,-0.937111816,,
JVQU,3,-1.799,0.314,-5.7292995,4,0.820346599,,
JYUR,3,-2.344,0.154,-15.220779,4,-1.84590397,,
KHSV,3,-2.832,1.216,-2.3289473,4,-1.984233213,,
KJCY,3,-3.438,1.997,-1.7215824,4,-0.425850066,,
KJMR,3,-3.588,0.111,-32.324326,4,1.719284137,,
KJNQ,3,0.058,2.973,0.019508913,4,-1.236757662,,
KSUJ,3,-2.817,0.943,-2.9872746,4,-0.775795213,,
KWUT,3,-3.758,0.132,-28.469696,4,-0.277666207,,
KZPU,3,-3.855,0.513,-7.5146198,4,0.310723913,,
LBOM,3,-3.309,1.94,-1.7056701,4,0.033473319,,
LHIK,3,-3.005,0.713,-4.2145863,4,-0.775795213,,
LKWD,3,-3.773,0.381,-9.9028873,4,1.569461214,,
LQUT,3,-3.32,1.89,-1.7566137,4,0.970169522,,
LTMC,3,-2.974,0.965,-3.0818653,4,-1.075441059,,
LXOK,3,-1.3,0.05,-26,4,-0.725495912,,
LYOD,3,-3.7611,0.3324,-11.314982,4,2.018929983,,
LZHZ,3,-3.193,0.246,-12.979674,4,-1.674732751,,
LZWO,3,-2.594,0.498,-5.2088351,4,1.108498765,,
MFWS,3,-3.198,2.038,-1.5691855,4,1.269815368,,
MLNS,3,-2.5,0.5,-5,4,-0.575672989,,
MOUZ,3,-2.002,0.369,-5.4254742,4,1.719284137,,
MRYE,3,-3.785,0.302,-12.533113,4,1.719284137,,
MSBZ,3,-2.94,0.22,-13.363636,4,1.119992445,,
NCBZ,3,-2,0.8,-2.5,4,1.569461214,,
NCPN,3,-3.5,0.25,-14,4,-2.1356952,,
NDCU,3,-2.822,0.176,-16.03409,4,-1.824555674,,
NEJA,3,-3.792,0.306,-12.392157,4,-1.474610527,,
NHZL,3,-3.75,0.3,-12.5,4,-0.775795213,,
NOLD,3,-0.001976949,0.000558557,-3.5393877,4,1.419638291,,
NPJH,3,4.85,1.536,3.157552,4,-0.937111816,,
NRJN,3,-0.378,0.0757,-4.9933949,4,0.471448408,,
NSPO,3,-2.307,1.596,-1.4454887,4,-1.524909828,,
NUYK,3,-3.702,0.124,-29.854839,4,-0.937111816,,
OATA,3,-3.5,0.35,-10,4,-1.995726893,,
OCTX,3,-2.231,0.157,-14.210191,4,-0.62597229,,
ORMQ,3,-1.313,0.042,-31.261906,4,-1.375086905,,
OSIC,3,-3.8,0.2,-19,4,0.598876079,,
OWMB,3,-1.299,0.126,-10.309524,4,0.610369759,,
OYIG,3,-3.8,0.3,-12.666667,4,2.018929983,,
PDMO,3,-1.337,0.157,-8.5159235,4,-0.775795213,,
PEJY,3,-2.633,0.184,-14.309783,4,1.707790457,,
PHXZ,3,-3.775,0.128,-29.492188,4,0.183296242,,
PKYR,3,-2.819,0.0817,-34.504284,4,2.018929983,,
PRJG,3,-1.305,0.039,-33.46154,4,-0.775795213,,
PUBS,3,-3.868,0.578,-6.6920414,4,-1.524909828,,
PVCC,3,-2.058,0.272,-7.5661764,4,-0.425850066,,
QBYX,3,-3.768,0.373,-10.101876,4,0.183296242,,
QDZZ,3,-3.172,0.00116,-2734.4827,4,1.569461214,,
QFYA,3,-2.767,0.475,-5.825263,4,1.569461214,,
QKTL,3,-0.98,0.044,-22.272728,4,0.910015605,,
QLBB,3,-1.5,0.75,-2,4,2.018929983,,
QLGC,3,-4.015,0.499,-8.046092,4,-1.824555674,,
QLQL,3,-2.413167,0.128833,-18.73097,4,-2.295372739,,
QLWV,3,-0.41,0.14,-2.9285715,4,-0.725495912,,
QTPF,3,-3.425,7.62,-0.44947508,4,-1.225263982,,
QWAS,3,-6.03,0.328,-18.384146,4,2.018929983,,
QXPZ,3,-2.93,0.08,-36.625,4,-0.326326444,,
RDFJ,3,-3.6,0.3,-12,4,1.569461214,,
RLPD,3,-3.036,0.281,-10.804271,4,-1.84590397,,
RQFZ,3,-2.64,0.168,-15.714286,4,0.333119165,,
SDJW,3,-1.311,0.127,-10.322835,4,-1.83441029,,
SDKG,3,1.761,0.264,6.6704545,4,1.86910706,,
SEPC,3,-2.5,0.25,-10,4,-2.134056136,,
SYUY,3,-3.812,0.127,-30.015749,4,-0.787288893,,
TBGV,3,-2.828,0.175,-16.16,4,1.719284137,,
TJQM,3,-3.8,0.2,-19,4,-1.824555674,,
TKJI,3,-1.303,0.131,-9.9465647,4,-1.84590397,,
TOPR,3,20.29,1.043,19.453499,4,0.011078067,,
TURQ,3,-2.817,0.214,-13.163551,4,-1.524909828,,
TWZE,3,-3.862,0.0419,-92.171837,4,2.018929983,,
TXCM,3,-2.6334,0.1842,-14.296417,4,-1.174964681,,
TXFR,3,-1.321,0.05,-26.42,4,1.707790457,,
TXXS,3,-2,3,-0.66666669,4,0.782587934,,
UFAO,3,-2.634,0.779,-3.381258,4,-1.075441059,,
UISV,3,-1.2506,0.79634,-1.5704347,4,-2.733347828,,
UQYD,3,-3.324,0.093,-35.741936,4,1.408144611,,
UTKY,3,-2.681,0.223,-12.022422,4,-1.075441059,,
UXOU,3,117.474,378.821,0.31010425,4,1.719284137,,
VBXC,3,-1.5,0.1875,-8,4,-0.41599545,,
VFDC,3,-1.3,0.05,-26,4,-0.725495912,,
VHSY,3,-1.293,0.125,-10.344,4,-1.236757662,,
VUVW,3,-3.864,0.36,-10.733334,4,0.632765011,,
WGMQ,3,-2.414,0.505,-4.7801981,4,1.719284137,,
WYBV,3,-2.75,0.278,-9.892086,4,2.018929983,,
XFUD,3,-3.792,0.306,-12.392157,4,-2.744841508,,
XJQN,3,-3.819,0.104,-36.721153,4,1.86910706,,
XMDF,3,-3.852,0.376,-10.24468,4,-0.127843284,,
XPUJ,3,-3.438,1,-3.438,4,-1.83441029,,
XVDF,3,-3.458,1.969,-1.7562214,4,-0.787288893,,
XYAZ,3,-3.767,0.305,-12.35082,4,1.719284137,,
YDEI,3,-3.748,0.0485,-77.278351,4,0.798998303,,
YHDE,3,-1.304,0.131,-9.9541988,4,2.018929983,,
YRWI,3,-3,0.5,-6,4,-0.886812515,,
YTDU,3,-2.651,0.027,-98.185188,4,-1.375086905,,
YTEZ,3,-4.017,0.141,-28.489361,4,-1.225263982,,
ZAAZ,3,-2.113,0.267,-7.9138575,4,1.569461214,,
ZATN,3,-1.509,0.095,-15.884211,4,-0.609561921,,
ZGYM,3,-3.765,0.041,-91.829269,4,-1.536403508,,
ZKFY,3,-2.72,0.323,-8.4210529,4,1.569461214,,
ZOHR,3,-2.424,0.173,-14.01156,4,1.119992445,,
ZYIE,3,-3.864,0.203,-19.034483,4,2.018929983,,
AFES,4,7.094,5.108,1.3888019,4,1.569461214,,
AJRC,4,0.406,0.773,0.52522641,4,-0.63746597,,
AMHC,4,-9.307,4.456,-2.0886445,4,-2.134056136,,
ANXH,4,-1.389,0.22,-6.3136363,4,2.018929983,,
AOTG,4,-0.35,1.436,-0.24373259,4,-0.266172527,,
ASHN,4,-3.783,0.509,-7.43222,4,1.419638291,,
AXUO,4,2.459,2.376,1.0349326,4,2.018929983,,
BBDS,4,-0.0423,0.015,-2.8199999,4,-2.134056136,,
BCCY,4,-0.8,0.6,-1.3333334,4,0.471448408,,
BCLX,4,0.0316,0.02597,1.2167886,4,0.183296242,,
BERH,4,-8.5613,1.7101,-5.0063152,4,0.610369759,,
BJMG,4,-0.00152,0.00125,-1.216,4,0.960314906,,
BMGE,4,-2.937,1.452,-2.0227273,4,-1.375086905,,
BMVK,4,-0.1,1.2,-0.083333336,4,-2.433701982,,
BUKS,4,-13.3,8.81,-1.5096481,4,-1.684587367,,
BYCV,4,0.4316,1.1914,0.36226287,4,-0.875318835,,
CBIP,4,0.884,3.81,0.232021,4,0.16090099,,
CBYS,4,-2.1555,1.1983,-1.7987983,4,-0.476149367,,
CCPO,4,-9.346,2.912,-3.2094781,4,-0.298422395,,
CGHP,4,-2.046,1.236,-1.6553398,4,2.018929983,,
CIIE,4,-1.7574,0.011,-159.76364,4,-0.565818373,,
CKPF,4,-6.867,1.353,-5.075388,4,0.958675842,,
CMMG,4,-0.0583,0.0053,-11,4,-0.63746597,,
CNYO,4,-0.909,1.166,-0.77958834,4,-0.62597229,,
COQM,4,-1.504,0.578,-2.6020761,4,-1.075441059,,
CUSM,4,-1.143,3.255,-0.35115206,4,-1.235118598,,
CVZM,4,0.109,2.395,0.04551148,4,-1.684587367,,
CXHI,4,-0.346,6.562,-0.052727826,4,1.419638291,,
DBVU,4,2.249,3.5,0.64257145,4,1.408144611,,
DCJM,4,-3.394,1.467,-2.313565,4,1.269815368,,
DEXO,4,-3.027,1.005,-3.0119402,4,-1.225263982,,
DQAG,4,2.22,4.727,0.46964249,4,-2.433701982,,
DVAE,4,0.109,1.196,0.091137126,4,1.569461214,,
EJWM,4,-6.807,1.342,-5.0722804,4,0.670523676,,
EONY,4,-5.847,3.388,-1.7257969,4,0.610369759,,
EVGS,4,-2,2.7,-0.74074072,4,0.199706611,,
EZBJ,4,-3.087,0.975,-3.1661539,4,0.632765011,,
EZRL,4,-0.5,2,-0.25,4,-2.295372739,,
FFHG,4,-3.913,135.41,-0.028897423,4,2.018929983,,
FFKM,4,-0.173,0.763,-0.22673656,4,0.033473319,,
FHEW,4,-4.902,3.039,-1.6130306,4,2.018929983,,
FNTW,4,-0.345,9.631,-0.035821825,4,2.018929983,,
FRXI,4,-0.032,0.01,-3.2,4,-0.326326444,,
FTRF,4,18.707,2.484,7.5309982,4,1.108498765,,
GIPP,4,1.685,0.916,1.8395196,4,-0.62597229,,
GRFN,4,5.578,4.462,1.2501121,4,1.707790457,,
GTPQ,4,2.116,2.233,0.94760412,4,1.569461214,,
GXEN,4,7.299,1.279,5.7068024,4,-0.775795213,,
GZFF,4,0.301,1.822,0.16520308,4,1.569461214,,
HEGK,4,2.709,2.379,1.1387137,4,-0.62597229,,
HEVE,4,-4.752,2.052,-2.3157895,4,-1.84590397,,
HKIO,4,-2.505,1.05,-2.3857143,4,0.183296242,,
HMEP,4,0.012,0.119,0.10084034,4,-1.375086905,,
HVXK,4,0.128,0.021,6.0952382,4,1.569461214,,
IIVX,4,1.88,1.982,0.94853681,4,-0.288567779,,
IMLY,4,-3.536,10.441,-0.33866489,4,1.269815368,,
IWSS,4,-8.588,0.58,-14.806896,4,-0.925618136,,
JAAQ,4,0.00012,0.00835,0.014371257,4,-0.925618136,,
JARZ,4,-11.586,43.968,-0.26350984,4,-0.775795213,,
JFYE,4,-5.961,1.19,-5.0092435,4,0.299230233,,
JGAO,4,0.007,3.353,0.002087683,4,1.719284137,,
JGKG,4,-0.055,0.899,-0.061179087,4,-0.937111816,,
JPCI,4,-0.5,2.5,-0.2,4,-0.937111816,,
JVQU,4,6.27,2.434,2.5760067,4,0.820346599,,
JYUR,4,-0.783,0.754,-1.0384616,4,-1.84590397,,
KHSV,4,-0.514,2.524,-0.20364501,4,-1.984233213,,
KJCY,4,-24.508,34.993,-0.70036864,4,-0.425850066,,
KJMR,4,9.876,3.015,3.2756219,4,1.719284137,,
KJNQ,4,-0.36,4.145,-0.086851627,4,-1.236757662,,
KSUJ,4,0.694,2.157,0.32174316,4,-0.775795213,,
KWUT,4,-0.002,0.041,-0.048780486,4,-0.277666207,,
KZPU,4,-7.643,10.737,-0.71183759,4,0.310723913,,
LBOM,4,6.964,3.78,1.8423281,4,0.033473319,,
LHIK,4,-0.726,2.029,-0.35781172,4,-0.775795213,,
LKWD,4,-4.497,1.256,-3.5804141,4,1.569461214,,
LQUT,4,0.37,5.68,0.065140843,4,0.970169522,,
LTMC,4,0.879,4.478,0.19629298,4,-1.075441059,,
LXOK,4,-0.012,0.0033,-3.6363637,4,-0.725495912,,
LYOD,4,10.6789,5.073,2.1050463,4,2.018929983,,
LZHZ,4,-0.969,2.16,-0.44861111,4,-1.674732751,,
LZWO,4,-3.35,1.345,-2.4907062,4,1.108498765,,
MFWS,4,7.242,6.609,1.0957785,4,1.269815368,,
MLNS,4,6.5,4.5,1.4444444,4,-0.575672989,,
MOUZ,4,4.766,2.843,1.6763982,4,1.719284137,,
MRYE,4,3.18,0.961,3.3090532,4,1.719284137,,
MSBZ,4,-1.04,1.96,-0.53061223,4,1.119992445,,
NCBZ,4,-1,1,-1,4,1.569461214,,
NCPN,4,-2.3,2.1,-1.0952381,4,-2.1356952,,
NDCU,4,-0.217,1.29,-0.16821705,4,-1.824555674,,
NEJA,4,-2.046,1.236,-1.6553398,4,-1.474610527,,
NHZL,4,-2,2.5,-0.80000001,4,-0.775795213,,
NOLD,4,8.01339E-05,1.82209E-05,4.3979154,4,1.419638291,,
NPJH,4,0.0013,0.00105,1.2380953,4,-0.937111816,,
NRJN,4,-0.0484,0.0278,-1.7410072,4,0.471448408,,
NSPO,4,4.679,5.059,0.92488635,4,-1.524909828,,
NUYK,4,0.695,0.386,1.8005182,4,-0.937111816,,
OATA,4,-0.1,1,-0.1,4,-1.995726893,,
OCTX,4,0.124,1.201,0.10324729,4,-0.62597229,,
ORMQ,4,-0.953,0.295,-3.2305086,4,-1.375086905,,
OSIC,4,-1.6,1,-1.6,4,0.598876079,,
OWMB,4,-0.449,0.177,-2.5367231,4,0.610369759,,
OYIG,4,0,0.8,0,4,2.018929983,,
PDMO,4,-7.144,1.2,-5.9533334,4,-0.775795213,,
PEJY,4,-0.783,0.7535,-1.0391506,4,1.707790457,,
PHXZ,4,-0.626,0.753,-0.83134133,4,0.183296242,,
PKYR,4,-2.124,0.872,-2.4357798,4,2.018929983,,
PRJG,4,0.498,0.05,9.96,4,-0.775795213,,
PUBS,4,-12.135,3.448,-3.5194316,4,-1.524909828,,
PVCC,4,-6275383,6274203,-1.0001881,4,-0.425850066,,
QBYX,4,0.000265,0.000109,2.4311926,4,0.183296242,,
QDZZ,4,1.06,0.000207,5120.7729,4,1.569461214,,
QFYA,4,0.3923,3.2058,0.12237195,4,1.569461214,,
QKTL,4,-8.494,8.997,-0.94409245,4,0.910015605,,
QLBB,4,-1,0.5,-2,4,2.018929983,,
QLGC,4,-0.496,2.298,-0.21583986,4,-1.824555674,,
QLQL,4,0.108667,1.196333,0.090833403,4,-2.295372739,,
QLWV,4,-0.474,0.16,-2.9625001,4,-0.725495912,,
QTPF,4,3.315,25.037,0.13240404,4,-1.225263982,,
QWAS,4,1.139,2.214,0.51445347,4,2.018929983,,
QXPZ,4,27.5,0.47,58.510639,4,-0.326326444,,
RDFJ,4,-1.5,0.8,-1.875,4,1.569461214,,
RLPD,4,3.785,4.164,0.90898174,4,-1.84590397,,
RQFZ,4,0.433,1.508,0.28713527,4,0.333119165,,
SDJW,4,-1.5,0.8,-1.875,4,-1.83441029,,
SDKG,4,0.047,0.182,0.25824177,4,1.86910706,,
SEPC,4,-3,1,-3,4,-2.134056136,,
SYUY,4,-5.842,0.398,-14.678392,4,-0.787288893,,
TBGV,4,-0.514,1.333,-0.38559639,4,1.719284137,,
TJQM,4,-5.25,1.4,-3.75,4,-1.824555674,,
TKJI,4,-0.000163,0.000225,-0.72444445,4,-1.84590397,,
TOPR,4,302.4,109.5,2.7616439,4,0.011078067,,
TURQ,4,-0.606,1.555,-0.38971061,4,-1.524909828,,
TWZE,4,5.967,0.693,8.6103897,4,2.018929983,,
TXCM,4,0.1306,1.4356,0.090972416,4,-1.174964681,,
TXFR,4,-0.985,0.888,-1.1092342,4,1.707790457,,
TXXS,4,2,4,0.5,4,0.782587934,,
UFAO,4,-0.787,2.52,-0.31230158,4,-1.075441059,,
UISV,4,0.00653,0.46209,0.014131446,4,-2.733347828,,
UQYD,4,-0.428,0.074,-5.7837839,4,1.408144611,,
UTKY,4,-0.218,1.85,-0.11783784,4,-1.075441059,,
UXOU,4,-9.741,13.948,-0.6983797,4,1.719284137,,
VBXC,4,-2.5,1.5,-1.6666666,4,-0.41599545,,
VFDC,4,0.01,0.01,1,4,-0.725495912,,
VHSY,4,-0.038,0.033,-1.1515151,4,-1.236757662,,
VUVW,4,-0.132,0.606,-0.21782178,4,0.632765011,,
WGMQ,4,0.109,0.805,0.13540372,4,1.719284137,,
WYBV,4,-0.05,0.9,-0.055555556,4,2.018929983,,
XFUD,4,-2.046,1.236,-1.6553398,4,-2.744841508,,
XJQN,4,1.087,0.442,2.459276,4,1.86910706,,
XMDF,4,-2.031,1.242,-1.6352657,4,-0.127843284,,
XPUJ,4,20.231,21.943,0.92197967,4,-1.83441029,,
XVDF,4,-1.444,10.359,-0.1393957,4,-0.787288893,,
XYAZ,4,-4.119,1.317,-3.1275628,4,1.719284137,,
YDEI,4,-0.025,0.05,-0.5,4,0.798998303,,
YHDE,4,0.733,1.405,0.52170819,4,2.018929983,,
YRWI,4,-0.1,1,-0.1,4,-0.886812515,,
YTDU,4,-2.793,0.1,-27.93,4,-1.375086905,,
YTEZ,4,2.268,1.875,1.2096,4,-1.225263982,,
ZAAZ,4,-0.067,0.133,-0.50375938,4,1.569461214,,
ZATN,4,-0.0046,0.037,-0.12432432,4,-0.609561921,,
ZGYM,4,-5.723,0.672,-8.5163689,4,-1.536403508,,
ZKFY,4,0.8958,3.293,0.27203158,4,1.569461214,,
ZOHR,4,0.104,1.367,0.076079004,4,1.119992445,,
ZYIE,4,-2.374,0.336,-7.0654764,4,2.018929983,,
AFES,5,0.463,1.93,0.23989637,4,1.569461214,,
AJRC,5,-0.005,0.123,-0.040650405,4,-0.63746597,,
AMHC,5,0.941,0.78,1.2064103,4,-2.134056136,,
ANXH,5,-2.358,0.112,-21.053572,4,2.018929983,,
AOTG,5,0.127,0.236,0.53813559,4,-0.266172527,,
ASHN,5,0.0863,0.147,0.58707482,4,1.419638291,,
AXUO,5,-1.51,2.667,-0.56617922,4,2.018929983,,
BBDS,5,0.0061,0.002,3.05,4,-2.134056136,,
BCCY,5,-0.2,0.2,-1,4,0.471448408,,
BCLX,5,3.28196E-08,1.44051E-08,2.2783303,4,0.183296242,,
BERH,5,0.0967,0.2193,0.44094849,4,0.610369759,,
BJMG,5,-4.104,3.06,-1.3411765,4,0.960314906,,
BMGE,5,-0.208,0.642,-0.32398754,4,-1.375086905,,
BMVK,5,-0.15,0.45,-0.33333334,4,-2.433701982,,
BUKS,5,0.04,0.07,0.5714286,4,-1.684587367,,
BYCV,5,0.0413,0.046,0.89782608,4,-0.875318835,,
CBIP,5,0.559,0.216,2.5879629,4,0.16090099,,
CBYS,5,2.1692,0.8284,2.6185417,4,-0.476149367,,
CCPO,5,0.145,0.137,1.0583942,4,-0.298422395,,
CGHP,5,-0.592,0.621,-0.95330113,4,2.018929983,,
CIIE,5,0.3825,0.0012,318.75,4,-0.565818373,,
CKPF,5,0.349,0.335,1.0417911,4,0.958675842,,
CMMG,5,0.0015,0.00056,2.6785715,4,-0.63746597,,
CNYO,5,0.085,0.082,1.0365853,4,-0.62597229,,
COQM,5,0.154,0.088,1.75,4,-1.075441059,,
CUSM,5,-2.087,1.054,-1.980076,4,-1.235118598,,
CVZM,5,0.0308,0.242,0.12727273,4,-1.684587367,,
CXHI,5,0.047,0.062,0.75806451,4,1.419638291,,
DBVU,5,-0.149,0.15,-0.99333334,4,1.408144611,,
DCJM,5,0.155,0.202,0.76732671,4,1.269815368,,
DEXO,5,1.145,0.085,13.470589,4,-1.225263982,,
DQAG,5,-0.549,0.103,-5.3300972,4,-2.433701982,,
DVAE,5,-0.006,0.332,-0.018072288,4,1.569461214,,
EJWM,5,-2.407,0.671,-3.5871832,4,0.670523676,,
EONY,5,0.056,0.676,0.082840234,4,0.610369759,,
EVGS,5,0.001,0.5,0.002,4,0.199706611,,
EZBJ,5,-0.745,0.275,-2.7090909,4,0.632765011,,
EZRL,5,0,0.75,0,4,-2.295372739,,
FFHG,5,0.264,1.712,0.15420561,4,2.018929983,,
FFKM,5,0.246,0.118,2.0847456,4,0.033473319,,
FHEW,5,2.139,0.27,7.9222221,4,2.018929983,,
FNTW,5,-0.326,2.1,-0.15523809,4,2.018929983,,
FRXI,5,-0.223,0.149,-1.4966443,4,-0.326326444,,
FTRF,5,-1.257,0.272,-4.6213236,4,1.108498765,,
GIPP,5,0.432,0.148,2.9189188,4,-0.62597229,,
GRFN,5,0.059,0.192,0.30729166,4,1.707790457,,
GTPQ,5,0.067,0.367,0.18256131,4,1.569461214,,
GXEN,5,-0.161,0.114,-1.4122807,4,-0.775795213,,
GZFF,5,0.056,0.35,0.16,4,1.569461214,,
HEGK,5,0.102,0.101,1.009901,4,-0.62597229,,
HEVE,5,-0.216,0.226,-0.95575219,4,-1.84590397,,
HKIO,5,0.8841,0.1314,6.7283106,4,0.183296242,,
HMEP,5,-0.307,0.961,-0.3194589,4,-1.375086905,,
HVXK,5,0.052,0.012,4.3333335,4,1.569461214,,
IIVX,5,0.053,0.22,0.24090908,4,-0.288567779,,
IMLY,5,-2.966,3.955,-0.74993676,4,1.269815368,,
IWSS,5,0.882,0.251,3.5139441,4,-0.925618136,,
JAAQ,5,-0.7,9.103,-0.076897725,4,-0.925618136,,
JARZ,5,6.877,2.904,2.368113,4,-0.775795213,,
JFYE,5,-0.496,0.147,-3.3741496,4,0.299230233,,
JGAO,5,-0.485,1.209,-0.40115798,4,1.719284137,,
JGKG,5,0.035,0.22,0.15909091,4,-0.937111816,,
JPCI,5,-2.5,0.2,-12.5,4,-0.937111816,,
JVQU,5,-3.533,0.58,-6.0913792,4,0.820346599,,
JYUR,5,0.274,0.153,1.7908497,4,-1.84590397,,
KHSV,5,0.143,0.547,0.26142597,4,-1.984233213,,
KJCY,5,-8.617,9.305,-0.92606127,4,-0.425850066,,
KJMR,5,0.00335,0.109,0.030733945,4,1.719284137,,
KJNQ,5,1.514,1.776,0.85247749,4,-1.236757662,,
KSUJ,5,-0.805,1.059,-0.76015109,4,-0.775795213,,
KWUT,5,-0.535,0.278,-1.9244604,4,-0.277666207,,
KZPU,5,-1.242,0.277,-4.4837546,4,0.310723913,,
LBOM,5,-1.3,2.421,-0.53696817,4,0.033473319,,
LHIK,5,0.018,0.47,0.038297873,4,-0.775795213,,
LKWD,5,-0.733,0.615,-1.19187,4,1.569461214,,
LQUT,5,-0.31,1.17,-0.26495728,4,0.970169522,,
LTMC,5,-0.524,0.763,-0.68676275,4,-1.075441059,,
LXOK,5,0.098,0.083,1.1807228,4,-0.725495912,,
LYOD,5,-1.1395,0.7179,-1.5872685,4,2.018929983,,
LZHZ,5,0.026,0.206,0.1262136,4,-1.674732751,,
LZWO,5,0.144,0.2,0.72000003,4,1.108498765,,
MFWS,5,1.218,1.107,1.100271,4,1.269815368,,
MLNS,5,1,1,1,4,-0.575672989,,
MOUZ,5,0.294,0.311,0.94533759,4,1.719284137,,
MRYE,5,-2.92,0.322,-9.0683231,4,1.719284137,,
MSBZ,5,-0.61,0.31,-1.967742,4,1.119992445,,
NCBZ,5,0.4,0.5,0.80000001,4,1.569461214,,
NCPN,5,-0.5,0.6,-0.83333331,4,-2.1356952,,
NDCU,5,0.01,0.279,0.035842296,4,-1.824555674,,
NEJA,5,-0.592,0.621,-0.95330113,4,-1.474610527,,
NHZL,5,-0.35,0.3,-1.1666666,4,-0.775795213,,
NOLD,5,-0.000458308,0.000646439,-0.70897341,4,1.419638291,,
NPJH,5,1.071,0.841,1.273484,4,-0.937111816,,
NRJN,5,-0.354,0.0934,-3.7901499,4,0.471448408,,
NSPO,5,1.376,2.449,0.56186199,4,-1.524909828,,
NUYK,5,-0.442,0.266,-1.6616541,4,-0.937111816,,
OATA,5,0.5,0.5,1,4,-1.995726893,,
OCTX,5,0.029,0.198,0.14646465,4,-0.62597229,,
ORMQ,5,-0.344,0.223,-1.5426009,4,-1.375086905,,
OSIC,5,0.1,0.5,0.2,4,0.598876079,,
OWMB,5,-0.281,0.219,-1.283105,4,0.610369759,,
OYIG,5,0.8,0.2,4,4,2.018929983,,
PDMO,5,-1.173,0.142,-8.2605639,4,-0.775795213,,
PEJY,5,-0.592,0.621,-0.95330113,4,1.707790457,,
PHXZ,5,0.143,0.138,1.0362319,4,0.183296242,,
PKYR,5,0.278,0.166,1.6746988,4,2.018929983,,
PRJG,5,-0.572,0.197,-2.9035532,4,-0.775795213,,
PUBS,5,0.168,0.306,0.54901963,4,-1.524909828,,
PVCC,5,0.8164,0.34,2.4011765,4,-0.425850066,,
QBYX,5,-1.367,1.082,-1.2634012,4,0.183296242,,
QDZZ,5,-1.288,0.00147,-876.19049,4,1.569461214,,
QFYA,5,0.0482,0.3838,0.12558624,4,1.569461214,,
QKTL,5,-0.223,0.065,-3.4307692,4,0.910015605,,
QLBB,5,0,0.5,0,4,2.018929983,,
QLGC,5,-0.795,0.694,-1.1455331,4,-1.824555674,,
QLQL,5,0.004,0.162833,0.024565045,4,-2.295372739,,
QLWV,5,0.099,0.081,1.2222222,4,-0.725495912,,
QTPF,5,0.022,3.164,0.006953224,4,-1.225263982,,
QWAS,5,-1.821,0.414,-4.3985505,4,2.018929983,,
QXPZ,5,-0.14,0.09,-1.5555556,4,-0.326326444,,
RDFJ,5,0.8,0.2,4,4,1.569461214,,
RLPD,5,0.882,0.251,3.5139441,4,-1.84590397,,
RQFZ,5,-2.087,0.129,-16.178295,4,0.333119165,,
SDJW,5,0.135,0.122,1.1065574,4,-1.83441029,,
SDKG,5,1.7,0.332,5.120482,4,1.86910706,,
SEPC,5,-0.5,0.25,-2,4,-2.134056136,,
SYUY,5,-0.414,0.267,-1.5505618,4,-0.787288893,,
TBGV,5,-0.26,0.248,-1.0483871,4,1.719284137,,
TJQM,5,-1.5,0.575,-2.6086957,4,-1.824555674,,
TKJI,5,-0.237,0.211,-1.1232227,4,-1.84590397,,
TOPR,5,-0.002,0.516,-0.003875969,4,0.011078067,,
TURQ,5,-0.045,0.324,-0.1388889,4,-1.524909828,,
TWZE,5,0.22,0.0472,4.6610169,4,2.018929983,,
TXCM,5,0.037,0.2362,0.15664691,4,-1.174964681,,
TXFR,5,0.027,0.086,0.31395349,4,1.707790457,,
TXXS,5,0,0.8,0,4,0.782587934,,
UFAO,5,-0.141,0.557,-0.25314182,4,-1.075441059,,
UISV,5,-0.13542,0.51771,-0.26157501,4,-2.733347828,,
UQYD,5,-0.56,0.145,-3.8620689,4,1.408144611,,
UTKY,5,0.044,0.296,0.14864865,4,-1.075441059,,
UXOU,5,-452.923,463.736,-0.97668284,4,1.719284137,,
VBXC,5,0.0858,0.0237,3.6202531,4,-0.41599545,,
VFDC,5,0.3,0.3,1,4,-0.725495912,,
VHSY,5,-0.31,0.248,-1.25,4,-1.236757662,,
VUVW,5,0.208,0.217,0.95852536,4,0.632765011,,
WGMQ,5,0.054,0.198,0.27272728,4,1.719284137,,
WYBV,5,0.89,0.245,3.632653,4,2.018929983,,
XFUD,5,-0.592,0.621,-0.95330113,4,-2.744841508,,
XJQN,5,0.798,0.044,18.136364,4,1.86910706,,
XMDF,5,-0.019,0.002,-9.5,4,-0.127843284,,
XPUJ,5,7.139,9.771,0.73063147,4,-1.83441029,,
XVDF,5,0.028,1.28,0.021875,4,-0.787288893,,
XYAZ,5,0.153,0.206,0.74271846,4,1.719284137,,
YDEI,5,-0.195,0.0542,-3.5977859,4,0.798998303,,
YHDE,5,0.086,0.177,0.4858757,4,2.018929983,,
YRWI,5,0.288,0.1,2.8800001,4,-0.886812515,,
YTDU,5,-0.36,0.055,-6.5454545,4,-1.375086905,,
YTEZ,5,-1.04,0.277,-3.7545125,4,-1.225263982,,
ZAAZ,5,0.031,0.098,0.31632653,4,1.569461214,,
ZATN,5,-0.041,0.127,-0.32283464,4,-0.609561921,,
ZGYM,5,0.215,0.05,4.3000002,4,-1.536403508,,
ZKFY,5,-0.114,0.329,-0.34650457,4,1.569461214,,
ZOHR,5,0.099,0.3,0.33000001,4,1.119992445,,
ZYIE,5,-0.121,0.182,-0.66483516,4,2.018929983,,
AFES,6,33.133,33.878,0.97800934,4,1.569461214,,
AJRC,6,0.221,1.165,0.18969958,4,-0.63746597,,
AMHC,6,-61.058,57.451,-1.062784,4,-2.134056136,,
ANXH,6,-0.253,0.028,-9.0357141,4,2.018929983,,
AOTG,6,0.714,2.337,0.30551991,4,-0.266172527,,
ASHN,6,10.603,7.67,1.382399,4,1.419638291,,
AXUO,6,3.903,5.014,0.77842045,4,2.018929983,,
BBDS,6,-0.024,0.021,-1.1428572,4,-2.134056136,,
BCCY,6,-0.001,0.005,-0.2,4,0.471448408,,
BCLX,6,-0.0011935,0.0002537,-4.7043753,4,0.183296242,,
BERH,6,-2.4381,3.3646,-0.72463292,4,0.610369759,,
BJMG,6,0.000221,0.00013,1.7,4,0.960314906,,
BMGE,6,-10.172,19.728,-0.5156123,4,-1.375086905,,
BMVK,6,0.00525,0.1,0.052499998,4,-2.433701982,,
BUKS,6,-16.84,24.03,-0.7007907,4,-1.684587367,,
BYCV,6,25.6968,29.3032,0.87692809,4,-0.875318835,,
CBIP,6,-0.002,0.0014,-1.4285715,4,0.16090099,,
CBYS,6,0.001,0.0076,0.13157895,4,-0.476149367,,
CCPO,6,-2.332,3.07,-0.7596091,4,-0.298422395,,
CGHP,6,-3.177,1.053,-3.0170941,4,2.018929983,,
CIIE,6,0.0401,0.0005,80.199997,4,-0.565818373,,
CKPF,6,0.00256,0.0167,0.15329342,4,0.958675842,,
CMMG,6,0.0233,0.0684,0.34064329,4,-0.63746597,,
CNYO,6,0.309,0.568,0.5440141,4,-0.62597229,,
COQM,6,-0.376,0.558,-0.6738351,4,-1.075441059,,
CUSM,6,0.387,0.409,0.94621027,4,-1.235118598,,
CVZM,6,0.238,1.975,0.12050633,4,-1.684587367,,
CXHI,6,283.671,412.637,0.68745893,4,1.419638291,,
DBVU,6,-1.615,1.6,-1.009375,4,1.408144611,,
DCJM,6,-2.267,6.72,-0.3373512,4,1.269815368,,
DEXO,6,0.108,0.303,0.35643566,4,-1.225263982,,
DQAG,6,1.372,3.301,0.41563162,4,-2.433701982,,
DVAE,6,0.238,2.113,0.11263606,4,1.569461214,,
EJWM,6,2.638,0.716,3.6843576,4,0.670523676,,
EONY,6,434.885,554.672,0.78403991,4,0.610369759,,
EVGS,6,0.1,1.5,0.06666667,4,0.199706611,,
EZBJ,6,-0.676,0.369,-1.8319783,4,0.632765011,,
EZRL,6,-0.5,7,-0.071428575,4,-2.295372739,,
FFHG,6,37.942,32.406,1.1708325,4,2.018929983,,
FFKM,6,0.332,1.365,0.24322344,4,0.033473319,,
FHEW,6,0.055,9.434,0.005829977,4,2.018929983,,
FNTW,6,12.473,6.605,1.8884178,4,2.018929983,,
FRXI,6,-0.003,0.012,-0.25,4,-0.326326444,,
FTRF,6,1.333,1.808,0.73727876,4,1.108498765,,
GIPP,6,-0.029,0.024,-1.2083334,4,-0.62597229,,
GRFN,6,-4.914,4.647,-1.0574564,4,1.707790457,,
GTPQ,6,4.767,10.269,0.46421269,4,1.569461214,,
GXEN,6,-1.834,3.135,-0.58500797,4,-0.775795213,,
GZFF,6,0.546,5.105,0.10695396,4,1.569461214,,
HEGK,6,0.155,0.328,0.47256097,4,-0.62597229,,
HEVE,6,0.007,0.018,0.3888889,4,-1.84590397,,
HKIO,6,0.0388,0.0296,1.3108108,4,0.183296242,,
HMEP,6,-12.346,106.18,-0.11627425,4,-1.375086905,,
HVXK,6,-0.00135,0.000645,-2.0930233,4,1.569461214,,
IIVX,6,0.69,0.917,0.75245363,4,-0.288567779,,
IMLY,6,17.692,22.17,0.79801536,4,1.269815368,,
IWSS,6,1.689,0.502,3.3645418,4,-0.925618136,,
JAAQ,6,-14.26,236.1,-0.060398135,4,-0.925618136,,
JARZ,6,-69.395,84.728,-0.81903267,4,-0.775795213,,
JFYE,6,3.157,1.957,1.6131835,4,0.299230233,,
JGAO,6,-287.037,211.635,-1.3562832,4,1.719284137,,
JGKG,6,0.324,0.792,0.40909091,4,-0.937111816,,
JPCI,6,0.4,3.1,0.12903225,4,-0.937111816,,
JVQU,6,-31.327,7.156,-4.3777251,4,0.820346599,,
JYUR,6,-5.865,4.469,-1.3123741,4,-1.84590397,,
KHSV,6,0.4,1.757,0.22766079,4,-1.984233213,,
KJCY,6,-13.22,63.311,-0.20881048,4,-0.425850066,,
KJMR,6,-5.105,11.916,-0.42841557,4,1.719284137,,
KJNQ,6,3.688,3.187,1.1572012,4,-1.236757662,,
KSUJ,6,-0.816,1.22,-0.66885245,4,-0.775795213,,
KWUT,6,0.014,0.027,0.51851851,4,-0.277666207,,
KZPU,6,6.143,2.279,2.6954806,4,0.310723913,,
LBOM,6,10.99,14.258,0.77079535,4,0.033473319,,
LHIK,6,-0.867,7.578,-0.11441013,4,-0.775795213,,
LKWD,6,0.00494,0.018,0.27444443,4,1.569461214,,
LQUT,6,-30.67,125.56,-0.24426569,4,0.970169522,,
LTMC,6,-0.031,0.15,-0.20666666,4,-1.075441059,,
LXOK,6,12.98,7.4,1.7540541,4,-0.725495912,,
LYOD,6,3.8619,3.0624,1.2610698,4,2.018929983,,
LZHZ,6,0.341,2.201,0.15492958,4,-1.674732751,,
LZWO,6,-14.673,8.997,-1.630877,4,1.108498765,,
MFWS,6,2.809,5.763,0.48741975,4,1.269815368,,
MLNS,6,4,4,1,4,-0.575672989,,
MOUZ,6,-67.052,144.568,-0.46380943,4,1.719284137,,
MRYE,6,-0.00889,0.0359,-0.24763231,4,1.719284137,,
MSBZ,6,0.23,1.72,0.13372093,4,1.119992445,,
NCBZ,6,0.005,0.015,0.33333334,4,1.569461214,,
NCPN,6,3,2.8,1.0714285,4,-2.1356952,,
NDCU,6,0.234,1.952,0.11987705,4,-1.824555674,,
NEJA,6,3.177,1.053,3.0170941,4,-1.474610527,,
NHZL,6,0.2,2,0.1,4,-0.775795213,,
NOLD,6,-0.000199567,0.000241913,-0.82495356,4,1.419638291,,
NPJH,6,0.00129,0.00111,1.1621622,4,-0.937111816,,
NRJN,6,0.00157,0.0139,0.11294964,4,0.471448408,,
NSPO,6,273.9,148.1,1.849426,4,-1.524909828,,
NUYK,6,-0.00229,0.00724,-0.31629834,4,-0.937111816,,
OATA,6,3,2,1.5,4,-1.995726893,,
OCTX,6,0.236,1.952,0.12090164,4,-0.62597229,,
ORMQ,6,0.00002,0.00013,0.15384616,4,-1.375086905,,
OSIC,6,1,2,0.5,4,0.598876079,,
OWMB,6,-0.047,0.038,-1.2368422,4,0.610369759,,
OYIG,6,0,2.5,0,4,2.018929983,,
PDMO,6,1.285,2.168,0.59271216,4,-0.775795213,,
PEJY,6,0.286,2.337,0.12237912,4,1.707790457,,
PHXZ,6,0.055,0.056,0.98214287,4,0.183296242,,
PKYR,6,1.46,0.622,2.3472669,4,2.018929983,,
PRJG,6,-0.0000241,0.0000474,-0.50843883,4,-0.775795213,,
PUBS,6,-1.05,3.466,-0.30294287,4,-1.524909828,,
PVCC,6,94.3,170.65,0.55259305,4,-0.425850066,,
QBYX,6,-0.0000114,0.0001401,-0.081370451,4,0.183296242,,
QDZZ,6,486.487,786.055,0.6188969,4,1.569461214,,
QFYA,6,-6.4672,11.7817,-0.54891908,4,1.569461214,,
QKTL,6,4.036,1.848,2.1839826,4,0.910015605,,
QLBB,6,-1,0.5,-2,4,2.018929983,,
QLGC,6,-1.739,3.212,-0.54140723,4,-1.824555674,,
QLQL,6,0.263667,2.3236,0.11347349,4,-2.295372739,,
QLWV,6,0.12,0.028,4.2857141,4,-0.725495912,,
QTPF,6,-56.258,174.066,-0.32319924,4,-1.225263982,,
QWAS,6,0.00084,0.00041,2.0487804,4,2.018929983,,
QXPZ,6,-2.79,1,-2.79,4,-0.326326444,,
RDFJ,6,1,1,1,4,1.569461214,,
RLPD,6,-2.256,5.416,-0.41654357,4,-1.84590397,,
RQFZ,6,-0.127,1.956,-0.064928427,4,0.333119165,,
SDJW,6,0.033,0.034,0.97058821,4,-1.83441029,,
SDKG,6,0.006,0.022,0.27272728,4,1.86910706,,
SEPC,6,-3,1,-3,4,-2.134056136,,
SYUY,6,0.013,0.021,0.61904764,4,-0.787288893,,
TBGV,6,0.229,1.953,0.1172555,4,1.719284137,,
TJQM,6,0.005,0.505,0.00990099,4,-1.824555674,,
TKJI,6,-0.285,0.138,-2.0652175,4,-1.84590397,,
TOPR,6,-360.7,174.1,-2.0717978,4,0.011078067,,
TURQ,6,0.244,2.041,0.11954924,4,-1.524909828,,
TWZE,6,-0.402,3.882,-0.10355487,4,2.018929983,,
TXCM,6,0.2856,2.337,0.12220796,4,-1.174964681,,
TXFR,6,0.516,1.045,0.4937799,4,1.707790457,,
TXXS,6,1,4,0.25,4,0.782587934,,
UFAO,6,0.969,73.75,0.013138983,4,-1.075441059,,
UISV,6,-0.00068,0.00388,-0.17525773,4,-2.733347828,,
UQYD,6,-0.01,0.067,-0.14925373,4,1.408144611,,
UTKY,6,0.465,3.435,0.13537118,4,-1.075441059,,
UXOU,6,23.621,23.332,1.0123864,4,1.719284137,,
VBXC,6,1.0029,0.7499,1.3373783,4,-0.41599545,,
VFDC,6,0.2,0.2,1,4,-0.725495912,,
VHSY,6,0.012,0.02,0.60000002,4,-1.236757662,,
VUVW,6,2.131,3.223,0.6611852,4,0.632765011,,
WGMQ,6,0.245,0.709,0.34555712,4,1.719284137,,
WYBV,6,0.01,3,0.003333333,4,2.018929983,,
XFUD,6,-2.256,5.416,-0.41654357,4,-2.744841508,,
XJQN,6,-1.346,2.835,-0.47477955,4,1.86910706,,
XMDF,6,0.0012,0.0057,0.21052632,4,-0.127843284,,
XPUJ,6,61.957,52.094,1.1893308,4,-1.83441029,,
XVDF,6,0.801,1.479,0.54158217,4,-0.787288893,,
XYAZ,6,0.037,0.033,1.1212121,4,1.719284137,,
YDEI,6,0.001,4,0.00025,4,0.798998303,,
YHDE,6,0.071,0.058,1.2241379,4,2.018929983,,
YRWI,6,-1.08,0.529,-2.0415878,4,-0.886812515,,
YTDU,6,1.787,0.366,4.8825135,4,-1.375086905,,
YTEZ,6,0.00225,0.01086,0.20718232,4,-1.225263982,,
ZAAZ,6,0.00178,0.01735,0.10259366,4,1.569461214,,
ZATN,6,0.0034,0.031,0.10967742,4,-0.609561921,,
ZGYM,6,0.005,0.029,0.1724138,4,-1.536403508,,
ZKFY,6,0.286,2.337,0.12237912,4,1.569461214,,
ZOHR,6,7.161,6.516,1.0989871,4,1.119992445,,
ZYIE,6,-0.229,0.173,-1.3236995,4,2.018929983,,